date,openPrice,highPrice,lowPrice,closePrice,totalSoybeanMealSupply,totalSoybeanMealDemand,soybeanOilSupply,soybeanOilDemand,sunflowerSeedPrice,Month,canolaPrice,peanutsPrice,flaxseedPrice,soybeanOilPrice,cottonseedOilPrice,sunflowerseedOilPrice,canolaOilPrice,peanutOilPrice,cornOilPrice,soybeanMealPrice,cottonseedmealPrice,sunflowerseedMealPrice,linseedMealPrice
11/14/2017,994,994,994,994,"4,526.60","4,137.50","3,625.30","1,934.70",16.60,November,17.2,22.7,9.21,33.43,37,55.5,39.69,65,34.46,313.52,228.75,165,205
11/15/2017,1000.25,1000.25,1000.25,1000.25,"4,526.60","4,137.50","3,625.30","1,934.70",16.60,November,17.2,22.7,9.21,33.43,37,55.5,39.69,65,34.46,313.52,228.75,165,205
11/16/2017,998.5,998.5,998.5,998.5,"4,526.60","4,137.50","3,625.30","1,934.70",16.60,November,17.2,22.7,9.21,33.43,37,55.5,39.69,65,34.46,313.52,228.75,165,205
11/17/2017,1011.75,1011.75,1011.75,1011.75,"4,526.60","4,137.50","3,625.30","1,934.70",16.60,November,17.2,22.7,9.21,33.43,37,55.5,39.69,65,34.46,313.52,228.75,165,205
11/20/2017,1013.75,1013.75,1013.75,1013.75,"4,526.60","4,137.50","3,625.30","1,934.70",16.60,November,17.2,22.7,9.21,33.43,37,55.5,39.69,65,34.46,313.52,228.75,165,205
11/21/2017,1013.5,1013.5,1013.5,1013.5,"4,526.60","4,137.50","3,625.30","1,934.70",16.60,November,17.2,22.7,9.21,33.43,37,55.5,39.69,65,34.46,313.52,228.75,165,205
11/22/2017,1018.25,1018.25,1018.25,1018.25,"4,526.60","4,137.50","3,625.30","1,934.70",16.60,November,17.2,22.7,9.21,33.43,37,55.5,39.69,65,34.46,313.52,228.75,165,205
11/24/2017,1016,1016,1016,1016,"4,526.60","4,137.50","3,625.30","1,934.70",16.60,November,17.2,22.7,9.21,33.43,37,55.5,39.69,65,34.46,313.52,228.75,165,205
11/27/2017,1017,1017,1017,1017,"4,526.60","4,137.50","3,625.30","1,934.70",16.60,November,17.2,22.7,9.21,33.43,37,55.5,39.69,65,34.46,313.52,228.75,165,205
11/28/2017,1017,1017,1017,1017,"4,526.60","4,137.50","3,625.30","1,934.70",16.60,November,17.2,22.7,9.21,33.43,37,55.5,39.69,65,34.46,313.52,228.75,165,205
11/29/2017,1015.75,1015.75,1015.75,1015.75,"4,526.60","4,137.50","3,625.30","1,934.70",16.60,November,17.2,22.7,9.21,33.43,37,55.5,39.69,65,34.46,313.52,228.75,165,205
11/30/2017,1013.25,1013.25,1013.25,1013.25,"4,526.60","4,137.50","3,625.30","1,934.70",16.60,November,17.2,22.7,9.21,33.43,37,55.5,39.69,65,34.46,313.52,228.75,165,205
12/01/2017,1019.75,1019.75,1019.75,1019.75,"4,594.20","4,039.30","3,737.00","1,786.40",17.00,December,16.7,23,9.34,32.27,34.25,54.8,38.65,65.2,33.96,319.22,232.5,185,209.17
12/04/2017,1025,1025,1020,1020,"4,594.20","4,039.30","3,737.00","1,786.40",17.00,December,16.7,23,9.34,32.27,34.25,54.8,38.65,65.2,33.96,319.22,232.5,185,209.17
12/05/2017,1024.75,1024.75,1024.75,1024.75,"4,594.20","4,039.30","3,737.00","1,786.40",17.00,December,16.7,23,9.34,32.27,34.25,54.8,38.65,65.2,33.96,319.22,232.5,185,209.17
12/06/2017,1021,1021,1021,1021,"4,594.20","4,039.30","3,737.00","1,786.40",17.00,December,16.7,23,9.34,32.27,34.25,54.8,38.65,65.2,33.96,319.22,232.5,185,209.17
12/07/2017,1011.75,1011.75,1011.75,1011.75,"4,594.20","4,039.30","3,737.00","1,786.40",17.00,December,16.7,23,9.34,32.27,34.25,54.8,38.65,65.2,33.96,319.22,232.5,185,209.17
12/08/2017,1010.5,1010.5,1010.5,1010.5,"4,594.20","4,039.30","3,737.00","1,786.40",17.00,December,16.7,23,9.34,32.27,34.25,54.8,38.65,65.2,33.96,319.22,232.5,185,209.17
12/11/2017,1006.5,1006.5,1006.5,1006.5,"4,594.20","4,039.30","3,737.00","1,786.40",17.00,December,16.7,23,9.34,32.27,34.25,54.8,38.65,65.2,33.96,319.22,232.5,185,209.17
12/12/2017,1002,1002,1002,1002,"4,594.20","4,039.30","3,737.00","1,786.40",17.00,December,16.7,23,9.34,32.27,34.25,54.8,38.65,65.2,33.96,319.22,232.5,185,209.17
12/13/2017,1004.75,1004.75,1004.75,1004.75,"4,594.20","4,039.30","3,737.00","1,786.40",17.00,December,16.7,23,9.34,32.27,34.25,54.8,38.65,65.2,33.96,319.22,232.5,185,209.17
12/14/2017,999.75,999.75,999.75,999.75,"4,594.20","4,039.30","3,737.00","1,786.40",17.00,December,16.7,23,9.34,32.27,34.25,54.8,38.65,65.2,33.96,319.22,232.5,185,209.17
12/15/2017,1000,1000.5,999,1000.5,"4,594.20","4,039.30","3,737.00","1,786.40",17.00,December,16.7,23,9.34,32.27,34.25,54.8,38.65,65.2,33.96,319.22,232.5,185,209.17
12/18/2017,998,998,996.5,996.5,"4,594.20","4,039.30","3,737.00","1,786.40",17.00,December,16.7,23,9.34,32.27,34.25,54.8,38.65,65.2,33.96,319.22,232.5,185,209.17
12/19/2017,995,995,991.75,991.75,"4,594.20","4,039.30","3,737.00","1,786.40",17.00,December,16.7,23,9.34,32.27,34.25,54.8,38.65,65.2,33.96,319.22,232.5,185,209.17
12/20/2017,991.75,991.75,991.75,991.75,"4,594.20","4,039.30","3,737.00","1,786.40",17.00,December,16.7,23,9.34,32.27,34.25,54.8,38.65,65.2,33.96,319.22,232.5,185,209.17
12/21/2017,991.75,991.75,991.75,991.75,"4,594.20","4,039.30","3,737.00","1,786.40",17.00,December,16.7,23,9.34,32.27,34.25,54.8,38.65,65.2,33.96,319.22,232.5,185,209.17
12/22/2017,992,992,992,992,"4,594.20","4,039.30","3,737.00","1,786.40",17.00,December,16.7,23,9.34,32.27,34.25,54.8,38.65,65.2,33.96,319.22,232.5,185,209.17
12/26/2017,1000,1000,1000,1000,"4,594.20","4,039.30","3,737.00","1,786.40",17.00,December,16.7,23,9.34,32.27,34.25,54.8,38.65,65.2,33.96,319.22,232.5,185,209.17
12/27/2017,999.5,999.5,999.5,999.5,"4,594.20","4,039.30","3,737.00","1,786.40",17.00,December,16.7,23,9.34,32.27,34.25,54.8,38.65,65.2,33.96,319.22,232.5,185,209.17
12/28/2017,995,995,995,995,"4,594.20","4,039.30","3,737.00","1,786.40",17.00,December,16.7,23,9.34,32.27,34.25,54.8,38.65,65.2,33.96,319.22,232.5,185,209.17
12/29/2017,996.5,996.5,996.5,996.5,"4,594.20","4,039.30","3,737.00","1,786.40",17.00,December,16.7,23,9.34,32.27,34.25,54.8,38.65,65.2,33.96,319.22,232.5,185,209.17
01/02/2018,1001.5,1001.5,1001.5,1001.5,"4,730.60","4,320.60","3,968.40","1,728.60",17.60,January,17.7,22.9,9.39,31.61,32.75,55.5,38.31,66.13,30.68,322.6,259,178,215.5
01/03/2018,1002.25,1002.25,1002.25,1002.25,"4,730.60","4,320.60","3,968.40","1,728.60",17.60,January,17.7,22.9,9.39,31.61,32.75,55.5,38.31,66.13,30.68,322.6,259,178,215.5
01/04/2018,1001.5,1001.5,1001.5,1001.5,"4,730.60","4,320.60","3,968.40","1,728.60",17.60,January,17.7,22.9,9.39,31.61,32.75,55.5,38.31,66.13,30.68,322.6,259,178,215.5
01/05/2018,1003.25,1003.25,1003.25,1003.25,"4,730.60","4,320.60","3,968.40","1,728.60",17.60,January,17.7,22.9,9.39,31.61,32.75,55.5,38.31,66.13,30.68,322.6,259,178,215.5
01/08/2018,1002,1002,1002,1002,"4,730.60","4,320.60","3,968.40","1,728.60",17.60,January,17.7,22.9,9.39,31.61,32.75,55.5,38.31,66.13,30.68,322.6,259,178,215.5
01/09/2018,1001,1001,1001,1001,"4,730.60","4,320.60","3,968.40","1,728.60",17.60,January,17.7,22.9,9.39,31.61,32.75,55.5,38.31,66.13,30.68,322.6,259,178,215.5
01/10/2018,994.25,994.25,994.25,994.25,"4,730.60","4,320.60","3,968.40","1,728.60",17.60,January,17.7,22.9,9.39,31.61,32.75,55.5,38.31,66.13,30.68,322.6,259,178,215.5
01/11/2018,992.5,992.5,992.5,992.5,"4,730.60","4,320.60","3,968.40","1,728.60",17.60,January,17.7,22.9,9.39,31.61,32.75,55.5,38.31,66.13,30.68,322.6,259,178,215.5
01/12/2018,1004.25,1004.25,1004.25,1004.25,"4,730.60","4,320.60","3,968.40","1,728.60",17.60,January,17.7,22.9,9.39,31.61,32.75,55.5,38.31,66.13,30.68,322.6,259,178,215.5
01/16/2018,1007,1007,1007,1007,"4,730.60","4,320.60","3,968.40","1,728.60",17.60,January,17.7,22.9,9.39,31.61,32.75,55.5,38.31,66.13,30.68,322.6,259,178,215.5
01/17/2018,1007,1007,1007,1007,"4,730.60","4,320.60","3,968.40","1,728.60",17.60,January,17.7,22.9,9.39,31.61,32.75,55.5,38.31,66.13,30.68,322.6,259,178,215.5
01/18/2018,1011,1011,1011,1011,"4,730.60","4,320.60","3,968.40","1,728.60",17.60,January,17.7,22.9,9.39,31.61,32.75,55.5,38.31,66.13,30.68,322.6,259,178,215.5
01/19/2018,1010.75,1010.75,1010.75,1010.75,"4,730.60","4,320.60","3,968.40","1,728.60",17.60,January,17.7,22.9,9.39,31.61,32.75,55.5,38.31,66.13,30.68,322.6,259,178,215.5
01/22/2018,1013.5,1013.5,1013.5,1013.5,"4,730.60","4,320.60","3,968.40","1,728.60",17.60,January,17.7,22.9,9.39,31.61,32.75,55.5,38.31,66.13,30.68,322.6,259,178,215.5
01/23/2018,1013.25,1013.25,1013,1013.25,"4,730.60","4,320.60","3,968.40","1,728.60",17.60,January,17.7,22.9,9.39,31.61,32.75,55.5,38.31,66.13,30.68,322.6,259,178,215.5
01/24/2018,1015.75,1015.75,1015.75,1015.75,"4,730.60","4,320.60","3,968.40","1,728.60",17.60,January,17.7,22.9,9.39,31.61,32.75,55.5,38.31,66.13,30.68,322.6,259,178,215.5
01/25/2018,1016.75,1016.75,1016.75,1016.75,"4,730.60","4,320.60","3,968.40","1,728.60",17.60,January,17.7,22.9,9.39,31.61,32.75,55.5,38.31,66.13,30.68,322.6,259,178,215.5
01/26/2018,1013.5,1013.5,1013.5,1013.5,"4,730.60","4,320.60","3,968.40","1,728.60",17.60,January,17.7,22.9,9.39,31.61,32.75,55.5,38.31,66.13,30.68,322.6,259,178,215.5
01/29/2018,1015.75,1015.75,1015.75,1015.75,"4,730.60","4,320.60","3,968.40","1,728.60",17.60,January,17.7,22.9,9.39,31.61,32.75,55.5,38.31,66.13,30.68,322.6,259,178,215.5
01/30/2018,1018.75,1018.75,1018.75,1018.75,"4,730.60","4,320.60","3,968.40","1,728.60",17.60,January,17.7,22.9,9.39,31.61,32.75,55.5,38.31,66.13,30.68,322.6,259,178,215.5
01/31/2018,1016.25,1016.25,1016.25,1016.25,"4,730.60","4,320.60","3,968.40","1,728.60",17.60,January,17.7,22.9,9.39,31.61,32.75,55.5,38.31,66.13,30.68,322.6,259,178,215.5
02/01/2018,1011.75,1011.75,1011.75,1011.75,"4,357.70","3,901.90","4,170.60","1,745.30",17.70,February,18.3,22.7,9.81,30.63,31.44,55,37.44,66.63,29.72,362.85,303.13,185.63,233.13
02/02/2018,1006,1006,1006,1006,"4,357.70","3,901.90","4,170.60","1,745.30",17.70,February,18.3,22.7,9.81,30.63,31.44,55,37.44,66.63,29.72,362.85,303.13,185.63,233.13
02/05/2018,1000.75,1000.75,1000.75,1000.75,"4,357.70","3,901.90","4,170.60","1,745.30",17.70,February,18.3,22.7,9.81,30.63,31.44,55,37.44,66.63,29.72,362.85,303.13,185.63,233.13
02/06/2018,1012,1012,1012,1012,"4,357.70","3,901.90","4,170.60","1,745.30",17.70,February,18.3,22.7,9.81,30.63,31.44,55,37.44,66.63,29.72,362.85,303.13,185.63,233.13
02/07/2018,1008.25,1008.25,1008.25,1008.25,"4,357.70","3,901.90","4,170.60","1,745.30",17.70,February,18.3,22.7,9.81,30.63,31.44,55,37.44,66.63,29.72,362.85,303.13,185.63,233.13
02/08/2018,1011.75,1011.75,1011.75,1011.75,"4,357.70","3,901.90","4,170.60","1,745.30",17.70,February,18.3,22.7,9.81,30.63,31.44,55,37.44,66.63,29.72,362.85,303.13,185.63,233.13
02/09/2018,1007.5,1007.5,1007.5,1007.5,"4,357.70","3,901.90","4,170.60","1,745.30",17.70,February,18.3,22.7,9.81,30.63,31.44,55,37.44,66.63,29.72,362.85,303.13,185.63,233.13
02/12/2018,1014.25,1014.25,1014.25,1014.25,"4,357.70","3,901.90","4,170.60","1,745.30",17.70,February,18.3,22.7,9.81,30.63,31.44,55,37.44,66.63,29.72,362.85,303.13,185.63,233.13
02/13/2018,1014.25,1014.25,1014.25,1014.25,"4,357.70","3,901.90","4,170.60","1,745.30",17.70,February,18.3,22.7,9.81,30.63,31.44,55,37.44,66.63,29.72,362.85,303.13,185.63,233.13
02/14/2018,1010.75,1010.75,1010.75,1010.75,"4,357.70","3,901.90","4,170.60","1,745.30",17.70,February,18.3,22.7,9.81,30.63,31.44,55,37.44,66.63,29.72,362.85,303.13,185.63,233.13
02/15/2018,1015,1015,1015,1015,"4,357.70","3,901.90","4,170.60","1,745.30",17.70,February,18.3,22.7,9.81,30.63,31.44,55,37.44,66.63,29.72,362.85,303.13,185.63,233.13
02/16/2018,1014.5,1014.5,1014.5,1014.5,"4,357.70","3,901.90","4,170.60","1,745.30",17.70,February,18.3,22.7,9.81,30.63,31.44,55,37.44,66.63,29.72,362.85,303.13,185.63,233.13
02/20/2018,1016.5,1016.5,1016.5,1016.5,"4,357.70","3,901.90","4,170.60","1,745.30",17.70,February,18.3,22.7,9.81,30.63,31.44,55,37.44,66.63,29.72,362.85,303.13,185.63,233.13
02/21/2018,1016,1016,1016,1016,"4,357.70","3,901.90","4,170.60","1,745.30",17.70,February,18.3,22.7,9.81,30.63,31.44,55,37.44,66.63,29.72,362.85,303.13,185.63,233.13
02/22/2018,1015.25,1015.25,1015.25,1015.25,"4,357.70","3,901.90","4,170.60","1,745.30",17.70,February,18.3,22.7,9.81,30.63,31.44,55,37.44,66.63,29.72,362.85,303.13,185.63,233.13
02/23/2018,1017.75,1017.75,1017.75,1017.75,"4,357.70","3,901.90","4,170.60","1,745.30",17.70,February,18.3,22.7,9.81,30.63,31.44,55,37.44,66.63,29.72,362.85,303.13,185.63,233.13
02/26/2018,1018,1018,1018,1018,"4,357.70","3,901.90","4,170.60","1,745.30",17.70,February,18.3,22.7,9.81,30.63,31.44,55,37.44,66.63,29.72,362.85,303.13,185.63,233.13
02/27/2018,1017,1017,1017,1017,"4,357.70","3,901.90","4,170.60","1,745.30",17.70,February,18.3,22.7,9.81,30.63,31.44,55,37.44,66.63,29.72,362.85,303.13,185.63,233.13
02/28/2018,1015.75,1015.75,1015.75,1015.75,"4,357.70","3,901.90","4,170.60","1,745.30",17.70,February,18.3,22.7,9.81,30.63,31.44,55,37.44,66.63,29.72,362.85,303.13,185.63,233.13
03/01/2018,1014,1014,1014,1014,"4,816.90","4,272.70","4,525.60","2,081.20",17.30,March,18.2,24.4,9.76,30.28,31.35,54,37.1,67,29.66,379.85,323.13,187.5,237.5
03/02/2018,1010.75,1010.75,1010.75,1010.75,"4,816.90","4,272.70","4,525.60","2,081.20",17.30,March,18.2,24.4,9.76,30.28,31.35,54,37.1,67,29.66,379.85,323.13,187.5,237.5
03/05/2018,1014.75,1014.75,1014.75,1014.75,"4,816.90","4,272.70","4,525.60","2,081.20",17.30,March,18.2,24.4,9.76,30.28,31.35,54,37.1,67,29.66,379.85,323.13,187.5,237.5
03/06/2018,1022.25,1022.25,1022.25,1022.25,"4,816.90","4,272.70","4,525.60","2,081.20",17.30,March,18.2,24.4,9.76,30.28,31.35,54,37.1,67,29.66,379.85,323.13,187.5,237.5
03/07/2018,1022.5,1022.5,1022.5,1022.5,"4,816.90","4,272.70","4,525.60","2,081.20",17.30,March,18.2,24.4,9.76,30.28,31.35,54,37.1,67,29.66,379.85,323.13,187.5,237.5
03/08/2018,1022.5,1022.5,1022.5,1022.5,"4,816.90","4,272.70","4,525.60","2,081.20",17.30,March,18.2,24.4,9.76,30.28,31.35,54,37.1,67,29.66,379.85,323.13,187.5,237.5
03/09/2018,1011.75,1011.75,1011.75,1011.75,"4,816.90","4,272.70","4,525.60","2,081.20",17.30,March,18.2,24.4,9.76,30.28,31.35,54,37.1,67,29.66,379.85,323.13,187.5,237.5
03/12/2018,1019,1019,1019,1019,"4,816.90","4,272.70","4,525.60","2,081.20",17.30,March,18.2,24.4,9.76,30.28,31.35,54,37.1,67,29.66,379.85,323.13,187.5,237.5
03/13/2018,1024.25,1024.25,1024.25,1024.25,"4,816.90","4,272.70","4,525.60","2,081.20",17.30,March,18.2,24.4,9.76,30.28,31.35,54,37.1,67,29.66,379.85,323.13,187.5,237.5
03/14/2018,1013,1013,1013,1013,"4,816.90","4,272.70","4,525.60","2,081.20",17.30,March,18.2,24.4,9.76,30.28,31.35,54,37.1,67,29.66,379.85,323.13,187.5,237.5
03/15/2018,1014.75,1014.75,1014.75,1014.75,"4,816.90","4,272.70","4,525.60","2,081.20",17.30,March,18.2,24.4,9.76,30.28,31.35,54,37.1,67,29.66,379.85,323.13,187.5,237.5
03/16/2018,1020,1020,1020,1020,"4,816.90","4,272.70","4,525.60","2,081.20",17.30,March,18.2,24.4,9.76,30.28,31.35,54,37.1,67,29.66,379.85,323.13,187.5,237.5
03/19/2018,1012.25,1012.25,1012.25,1012.25,"4,816.90","4,272.70","4,525.60","2,081.20",17.30,March,18.2,24.4,9.76,30.28,31.35,54,37.1,67,29.66,379.85,323.13,187.5,237.5
03/20/2018,1014,1014,1014,1014,"4,816.90","4,272.70","4,525.60","2,081.20",17.30,March,18.2,24.4,9.76,30.28,31.35,54,37.1,67,29.66,379.85,323.13,187.5,237.5
03/21/2018,1013,1013,1013,1013,"4,816.90","4,272.70","4,525.60","2,081.20",17.30,March,18.2,24.4,9.76,30.28,31.35,54,37.1,67,29.66,379.85,323.13,187.5,237.5
03/22/2018,1012.75,1012.75,1012.75,1012.75,"4,816.90","4,272.70","4,525.60","2,081.20",17.30,March,18.2,24.4,9.76,30.28,31.35,54,37.1,67,29.66,379.85,323.13,187.5,237.5
03/23/2018,1011.75,1011.75,1011.75,1011.75,"4,816.90","4,272.70","4,525.60","2,081.20",17.30,March,18.2,24.4,9.76,30.28,31.35,54,37.1,67,29.66,379.85,323.13,187.5,237.5
03/26/2018,1011.25,1011.25,1011.25,1011.25,"4,816.90","4,272.70","4,525.60","2,081.20",17.30,March,18.2,24.4,9.76,30.28,31.35,54,37.1,67,29.66,379.85,323.13,187.5,237.5
03/27/2018,1006.75,1006.75,1006.75,1006.75,"4,816.90","4,272.70","4,525.60","2,081.20",17.30,March,18.2,24.4,9.76,30.28,31.35,54,37.1,67,29.66,379.85,323.13,187.5,237.5
03/28/2018,1003.25,1003.25,1003.25,1003.25,"4,816.90","4,272.70","4,525.60","2,081.20",17.30,March,18.2,24.4,9.76,30.28,31.35,54,37.1,67,29.66,379.85,323.13,187.5,237.5
03/29/2018,1017.5,1017.5,1017.5,1017.5,"4,816.90","4,272.70","4,525.60","2,081.20",17.30,March,18.2,24.4,9.76,30.28,31.35,54,37.1,67,29.66,379.85,323.13,187.5,237.5
04/02/2018,1006.25,1006.25,1006.25,1006.25,"4,662.00","4,209.90","4,438.10","1,749.30",18.00,April,17.5,23.3,9.92,29.7,31.19,54,37.31,66.88,29.5,385.84,263.13,191.88,238.13
04/03/2018,1006.25,1006.25,1006.25,1006.25,"4,662.00","4,209.90","4,438.10","1,749.30",18.00,April,17.5,23.3,9.92,29.7,31.19,54,37.31,66.88,29.5,385.84,263.13,191.88,238.13
04/04/2018,994,994,994,994,"4,662.00","4,209.90","4,438.10","1,749.30",18.00,April,17.5,23.3,9.92,29.7,31.19,54,37.31,66.88,29.5,385.84,263.13,191.88,238.13
04/05/2018,1000.5,1000.5,1000.5,1000.5,"4,662.00","4,209.90","4,438.10","1,749.30",18.00,April,17.5,23.3,9.92,29.7,31.19,54,37.31,66.88,29.5,385.84,263.13,191.88,238.13
04/06/2018,1000,1000,1000,1000,"4,662.00","4,209.90","4,438.10","1,749.30",18.00,April,17.5,23.3,9.92,29.7,31.19,54,37.31,66.88,29.5,385.84,263.13,191.88,238.13
04/09/2018,1006,1006,1006,1006,"4,662.00","4,209.90","4,438.10","1,749.30",18.00,April,17.5,23.3,9.92,29.7,31.19,54,37.31,66.88,29.5,385.84,263.13,191.88,238.13
04/10/2018,1011.25,1011.25,1011.25,1011.25,"4,662.00","4,209.90","4,438.10","1,749.30",18.00,April,17.5,23.3,9.92,29.7,31.19,54,37.31,66.88,29.5,385.84,263.13,191.88,238.13
04/11/2018,1010.75,1010.75,1010.75,1010.75,"4,662.00","4,209.90","4,438.10","1,749.30",18.00,April,17.5,23.3,9.92,29.7,31.19,54,37.31,66.88,29.5,385.84,263.13,191.88,238.13
04/12/2018,1008.25,1008.25,1008.25,1008.25,"4,662.00","4,209.90","4,438.10","1,749.30",18.00,April,17.5,23.3,9.92,29.7,31.19,54,37.31,66.88,29.5,385.84,263.13,191.88,238.13
04/13/2018,1006.25,1006.25,1006.25,1006.25,"4,662.00","4,209.90","4,438.10","1,749.30",18.00,April,17.5,23.3,9.92,29.7,31.19,54,37.31,66.88,29.5,385.84,263.13,191.88,238.13
04/16/2018,1003.75,1003.75,1003.75,1003.75,"4,662.00","4,209.90","4,438.10","1,749.30",18.00,April,17.5,23.3,9.92,29.7,31.19,54,37.31,66.88,29.5,385.84,263.13,191.88,238.13
04/17/2018,1006,1006,1006,1006,"4,662.00","4,209.90","4,438.10","1,749.30",18.00,April,17.5,23.3,9.92,29.7,31.19,54,37.31,66.88,29.5,385.84,263.13,191.88,238.13
04/18/2018,1007.75,1007.75,1007.75,1007.75,"4,662.00","4,209.90","4,438.10","1,749.30",18.00,April,17.5,23.3,9.92,29.7,31.19,54,37.31,66.88,29.5,385.84,263.13,191.88,238.13
04/19/2018,1007.75,1007.75,1007.75,1007.75,"4,662.00","4,209.90","4,438.10","1,749.30",18.00,April,17.5,23.3,9.92,29.7,31.19,54,37.31,66.88,29.5,385.84,263.13,191.88,238.13
04/20/2018,1002.75,1002.75,1002.75,1002.75,"4,662.00","4,209.90","4,438.10","1,749.30",18.00,April,17.5,23.3,9.92,29.7,31.19,54,37.31,66.88,29.5,385.84,263.13,191.88,238.13
04/23/2018,1001,1001,1001,1001,"4,662.00","4,209.90","4,438.10","1,749.30",18.00,April,17.5,23.3,9.92,29.7,31.19,54,37.31,66.88,29.5,385.84,263.13,191.88,238.13
04/24/2018,996,996,996,996,"4,662.00","4,209.90","4,438.10","1,749.30",18.00,April,17.5,23.3,9.92,29.7,31.19,54,37.31,66.88,29.5,385.84,263.13,191.88,238.13
04/25/2018,992.25,998,992.25,998,"4,662.00","4,209.90","4,438.10","1,749.30",18.00,April,17.5,23.3,9.92,29.7,31.19,54,37.31,66.88,29.5,385.84,263.13,191.88,238.13
04/26/2018,997,997,997,997,"4,662.00","4,209.90","4,438.10","1,749.30",18.00,April,17.5,23.3,9.92,29.7,31.19,54,37.31,66.88,29.5,385.84,263.13,191.88,238.13
04/27/2018,1005.75,1005.75,1005.75,1005.75,"4,662.00","4,209.90","4,438.10","1,749.30",18.00,April,17.5,23.3,9.92,29.7,31.19,54,37.31,66.88,29.5,385.84,263.13,191.88,238.13
04/30/2018,1005.75,1005.75,1005.75,1005.75,"4,662.00","4,209.90","4,438.10","1,749.30",18.00,April,17.5,23.3,9.92,29.7,31.19,54,37.31,66.88,29.5,385.84,263.13,191.88,238.13
05/01/2018,1012.5,1012.5,1012.5,1012.5,"4,602.00","4,168.80","4,689.40","2,315.30",17.90,May,18.5,22.7,10.1,29.4,31.25,54,38.25,66.5,29.65,393.55,262.5,201.5,267.5
05/02/2018,1004.75,1004.75,1004.75,1004.75,"4,602.00","4,168.80","4,689.40","2,315.30",17.90,May,18.5,22.7,10.1,29.4,31.25,54,38.25,66.5,29.65,393.55,262.5,201.5,267.5
05/03/2018,1005,1005,1005,1005,"4,602.00","4,168.80","4,689.40","2,315.30",17.90,May,18.5,22.7,10.1,29.4,31.25,54,38.25,66.5,29.65,393.55,262.5,201.5,267.5
05/04/2018,1002,1002,1002,1002,"4,602.00","4,168.80","4,689.40","2,315.30",17.90,May,18.5,22.7,10.1,29.4,31.25,54,38.25,66.5,29.65,393.55,262.5,201.5,267.5
05/07/2018,989.25,989.25,989.25,989.25,"4,602.00","4,168.80","4,689.40","2,315.30",17.90,May,18.5,22.7,10.1,29.4,31.25,54,38.25,66.5,29.65,393.55,262.5,201.5,267.5
05/08/2018,991.25,991.25,991.25,991.25,"4,602.00","4,168.80","4,689.40","2,315.30",17.90,May,18.5,22.7,10.1,29.4,31.25,54,38.25,66.5,29.65,393.55,262.5,201.5,267.5
05/09/2018,988,988,988,988,"4,602.00","4,168.80","4,689.40","2,315.30",17.90,May,18.5,22.7,10.1,29.4,31.25,54,38.25,66.5,29.65,393.55,262.5,201.5,267.5
05/10/2018,992.75,992.75,992.75,992.75,"4,602.00","4,168.80","4,689.40","2,315.30",17.90,May,18.5,22.7,10.1,29.4,31.25,54,38.25,66.5,29.65,393.55,262.5,201.5,267.5
05/11/2018,989.75,989.75,989.75,989.75,"4,602.00","4,168.80","4,689.40","2,315.30",17.90,May,18.5,22.7,10.1,29.4,31.25,54,38.25,66.5,29.65,393.55,262.5,201.5,267.5
05/14/2018,990.5,990.5,990.5,990.5,"4,602.00","4,168.80","4,689.40","2,315.30",17.90,May,18.5,22.7,10.1,29.4,31.25,54,38.25,66.5,29.65,393.55,262.5,201.5,267.5
05/15/2018,990.5,990.5,990.5,990.5,"4,602.00","4,168.80","4,689.40","2,315.30",17.90,May,18.5,22.7,10.1,29.4,31.25,54,38.25,66.5,29.65,393.55,262.5,201.5,267.5
05/16/2018,990,990,990,990,"4,602.00","4,168.80","4,689.40","2,315.30",17.90,May,18.5,22.7,10.1,29.4,31.25,54,38.25,66.5,29.65,393.55,262.5,201.5,267.5
05/17/2018,989.75,989.75,989.75,989.75,"4,602.00","4,168.80","4,689.40","2,315.30",17.90,May,18.5,22.7,10.1,29.4,31.25,54,38.25,66.5,29.65,393.55,262.5,201.5,267.5
05/18/2018,988,988.25,988,988.25,"4,602.00","4,168.80","4,689.40","2,315.30",17.90,May,18.5,22.7,10.1,29.4,31.25,54,38.25,66.5,29.65,393.55,262.5,201.5,267.5
05/21/2018,1004.5,1004.5,1004.5,1004.5,"4,602.00","4,168.80","4,689.40","2,315.30",17.90,May,18.5,22.7,10.1,29.4,31.25,54,38.25,66.5,29.65,393.55,262.5,201.5,267.5
05/22/2018,1006.25,1006.25,1006.25,1006.25,"4,602.00","4,168.80","4,689.40","2,315.30",17.90,May,18.5,22.7,10.1,29.4,31.25,54,38.25,66.5,29.65,393.55,262.5,201.5,267.5
05/23/2018,1014,1014,1014,1014,"4,602.00","4,168.80","4,689.40","2,315.30",17.90,May,18.5,22.7,10.1,29.4,31.25,54,38.25,66.5,29.65,393.55,262.5,201.5,267.5
05/24/2018,1012.25,1012.25,1012.25,1012.25,"4,602.00","4,168.80","4,689.40","2,315.30",17.90,May,18.5,22.7,10.1,29.4,31.25,54,38.25,66.5,29.65,393.55,262.5,201.5,267.5
05/25/2018,1014,1014,1014,1014,"4,602.00","4,168.80","4,689.40","2,315.30",17.90,May,18.5,22.7,10.1,29.4,31.25,54,38.25,66.5,29.65,393.55,262.5,201.5,267.5
05/29/2018,1005.75,1005.75,1005.75,1005.75,"4,602.00","4,168.80","4,689.40","2,315.30",17.90,May,18.5,22.7,10.1,29.4,31.25,54,38.25,66.5,29.65,393.55,262.5,201.5,267.5
05/30/2018,1007.5,1007.5,1007.5,1007.5,"4,602.00","4,168.80","4,689.40","2,315.30",17.90,May,18.5,22.7,10.1,29.4,31.25,54,38.25,66.5,29.65,393.55,262.5,201.5,267.5
05/31/2018,1008.5,1008.5,1008.5,1008.5,"4,602.00","4,168.80","4,689.40","2,315.30",17.90,May,18.5,22.7,10.1,29.4,31.25,54,38.25,66.5,29.65,393.55,262.5,201.5,267.5
06/01/2018,1014,1014,1014,1014,"4,506.90","4,108.40","4,342.70","2,037.90",17.70,June,17.2,22.7,9.98,28.3,29.9,54,37.75,67.7,29.54,355.71,257.5,175.63,271.25
06/04/2018,1002.25,1002.25,1002.25,1002.25,"4,506.90","4,108.40","4,342.70","2,037.90",17.70,June,17.2,22.7,9.98,28.3,29.9,54,37.75,67.7,29.54,355.71,257.5,175.63,271.25
06/05/2018,1006.25,1006.25,1006.25,1006.25,"4,506.90","4,108.40","4,342.70","2,037.90",17.70,June,17.2,22.7,9.98,28.3,29.9,54,37.75,67.7,29.54,355.71,257.5,175.63,271.25
06/06/2018,1004,1004,1004,1004,"4,506.90","4,108.40","4,342.70","2,037.90",17.70,June,17.2,22.7,9.98,28.3,29.9,54,37.75,67.7,29.54,355.71,257.5,175.63,271.25
06/07/2018,997.5,997.5,997.5,997.5,"4,506.90","4,108.40","4,342.70","2,037.90",17.70,June,17.2,22.7,9.98,28.3,29.9,54,37.75,67.7,29.54,355.71,257.5,175.63,271.25
06/08/2018,990.5,990.5,990.5,990.5,"4,506.90","4,108.40","4,342.70","2,037.90",17.70,June,17.2,22.7,9.98,28.3,29.9,54,37.75,67.7,29.54,355.71,257.5,175.63,271.25
06/11/2018,988,988,985,985,"4,506.90","4,108.40","4,342.70","2,037.90",17.70,June,17.2,22.7,9.98,28.3,29.9,54,37.75,67.7,29.54,355.71,257.5,175.63,271.25
06/12/2018,985.25,985.25,985.25,985.25,"4,506.90","4,108.40","4,342.70","2,037.90",17.70,June,17.2,22.7,9.98,28.3,29.9,54,37.75,67.7,29.54,355.71,257.5,175.63,271.25
06/13/2018,975.75,975.75,975.75,975.75,"4,506.90","4,108.40","4,342.70","2,037.90",17.70,June,17.2,22.7,9.98,28.3,29.9,54,37.75,67.7,29.54,355.71,257.5,175.63,271.25
06/14/2018,975,975,966.75,966.75,"4,506.90","4,108.40","4,342.70","2,037.90",17.70,June,17.2,22.7,9.98,28.3,29.9,54,37.75,67.7,29.54,355.71,257.5,175.63,271.25
06/15/2018,955.75,955.75,955.75,955.75,"4,506.90","4,108.40","4,342.70","2,037.90",17.70,June,17.2,22.7,9.98,28.3,29.9,54,37.75,67.7,29.54,355.71,257.5,175.63,271.25
06/18/2018,954.5,954.5,954.5,954.5,"4,506.90","4,108.40","4,342.70","2,037.90",17.70,June,17.2,22.7,9.98,28.3,29.9,54,37.75,67.7,29.54,355.71,257.5,175.63,271.25
06/19/2018,950,950,943.75,943.75,"4,506.90","4,108.40","4,342.70","2,037.90",17.70,June,17.2,22.7,9.98,28.3,29.9,54,37.75,67.7,29.54,355.71,257.5,175.63,271.25
06/20/2018,946,946,946,946,"4,506.90","4,108.40","4,342.70","2,037.90",17.70,June,17.2,22.7,9.98,28.3,29.9,54,37.75,67.7,29.54,355.71,257.5,175.63,271.25
06/21/2018,937.25,937.25,937.25,937.25,"4,506.90","4,108.40","4,342.70","2,037.90",17.70,June,17.2,22.7,9.98,28.3,29.9,54,37.75,67.7,29.54,355.71,257.5,175.63,271.25
06/22/2018,943,945.75,943,945.75,"4,506.90","4,108.40","4,342.70","2,037.90",17.70,June,17.2,22.7,9.98,28.3,29.9,54,37.75,67.7,29.54,355.71,257.5,175.63,271.25
06/25/2018,928.75,928.75,928.75,928.75,"4,506.90","4,108.40","4,342.70","2,037.90",17.70,June,17.2,22.7,9.98,28.3,29.9,54,37.75,67.7,29.54,355.71,257.5,175.63,271.25
06/26/2018,924.75,924.75,924.75,924.75,"4,506.90","4,108.40","4,342.70","2,037.90",17.70,June,17.2,22.7,9.98,28.3,29.9,54,37.75,67.7,29.54,355.71,257.5,175.63,271.25
06/27/2018,926.25,926.25,926.25,926.25,"4,506.90","4,108.40","4,342.70","2,037.90",17.70,June,17.2,22.7,9.98,28.3,29.9,54,37.75,67.7,29.54,355.71,257.5,175.63,271.25
06/28/2018,922.75,922.75,922.75,922.75,"4,506.90","4,108.40","4,342.70","2,037.90",17.70,June,17.2,22.7,9.98,28.3,29.9,54,37.75,67.7,29.54,355.71,257.5,175.63,271.25
06/29/2018,920,920,920,920,"4,506.90","4,108.40","4,342.70","2,037.90",17.70,June,17.2,22.7,9.98,28.3,29.9,54,37.75,67.7,29.54,355.71,257.5,175.63,271.25
07/02/2018,915.75,924.5,915.75,915.75,"4,683.20","4,170.70","4,380.80","1,997.20",17.40,July,17.1,22.4,9.96,27.21,28.75,54,38.69,68,28.76,341.08,253.13,155.5,278
07/03/2018,913.25,917,913.25,913.25,"4,683.20","4,170.70","4,380.80","1,997.20",17.40,July,17.1,22.4,9.96,27.21,28.75,54,38.69,68,28.76,341.08,253.13,155.5,278
07/05/2018,905.25,914,905.25,905.25,"4,683.20","4,170.70","4,380.80","1,997.20",17.40,July,17.1,22.4,9.96,27.21,28.75,54,38.69,68,28.76,341.08,253.13,155.5,278
07/06/2018,910,937.75,909.5,935.75,"4,683.20","4,170.70","4,380.80","1,997.20",17.40,July,17.1,22.4,9.96,27.21,28.75,54,38.69,68,28.76,341.08,253.13,155.5,278
07/09/2018,915,919.75,913.75,919.75,"4,683.20","4,170.70","4,380.80","1,997.20",17.40,July,17.1,22.4,9.96,27.21,28.75,54,38.69,68,28.76,341.08,253.13,155.5,278
07/10/2018,923.75,926.5,919,923.75,"4,683.20","4,170.70","4,380.80","1,997.20",17.40,July,17.1,22.4,9.96,27.21,28.75,54,38.69,68,28.76,341.08,253.13,155.5,278
07/11/2018,915,918.25,909.5,910,"4,683.20","4,170.70","4,380.80","1,997.20",17.40,July,17.1,22.4,9.96,27.21,28.75,54,38.69,68,28.76,341.08,253.13,155.5,278
07/12/2018,910.5,914,905.75,912,"4,683.20","4,170.70","4,380.80","1,997.20",17.40,July,17.1,22.4,9.96,27.21,28.75,54,38.69,68,28.76,341.08,253.13,155.5,278
07/13/2018,900,904.5,900,904.5,"4,683.20","4,170.70","4,380.80","1,997.20",17.40,July,17.1,22.4,9.96,27.21,28.75,54,38.69,68,28.76,341.08,253.13,155.5,278
07/16/2018,913.5,920.25,900.5,913.5,"4,683.20","4,170.70","4,380.80","1,997.20",17.40,July,17.1,22.4,9.96,27.21,28.75,54,38.69,68,28.76,341.08,253.13,155.5,278
07/17/2018,917.5,922.75,917.5,917.5,"4,683.20","4,170.70","4,380.80","1,997.20",17.40,July,17.1,22.4,9.96,27.21,28.75,54,38.69,68,28.76,341.08,253.13,155.5,278
07/18/2018,919,921.75,915,919,"4,683.20","4,170.70","4,380.80","1,997.20",17.40,July,17.1,22.4,9.96,27.21,28.75,54,38.69,68,28.76,341.08,253.13,155.5,278
07/19/2018,924.25,924.25,917,924.25,"4,683.20","4,170.70","4,380.80","1,997.20",17.40,July,17.1,22.4,9.96,27.21,28.75,54,38.69,68,28.76,341.08,253.13,155.5,278
07/20/2018,925.75,928.25,920.5,925.75,"4,683.20","4,170.70","4,380.80","1,997.20",17.40,July,17.1,22.4,9.96,27.21,28.75,54,38.69,68,28.76,341.08,253.13,155.5,278
07/23/2018,925.75,930,925.75,925.75,"4,683.20","4,170.70","4,380.80","1,997.20",17.40,July,17.1,22.4,9.96,27.21,28.75,54,38.69,68,28.76,341.08,253.13,155.5,278
07/24/2018,934.25,936,921.5,934.25,"4,683.20","4,170.70","4,380.80","1,997.20",17.40,July,17.1,22.4,9.96,27.21,28.75,54,38.69,68,28.76,341.08,253.13,155.5,278
07/25/2018,938.5,939.25,932.25,938.5,"4,683.20","4,170.70","4,380.80","1,997.20",17.40,July,17.1,22.4,9.96,27.21,28.75,54,38.69,68,28.76,341.08,253.13,155.5,278
07/26/2018,953.25,953.25,932.5,934.5,"4,683.20","4,170.70","4,380.80","1,997.20",17.40,July,17.1,22.4,9.96,27.21,28.75,54,38.69,68,28.76,341.08,253.13,155.5,278
07/27/2018,941.75,943.25,941.75,941.75,"4,683.20","4,170.70","4,380.80","1,997.20",17.40,July,17.1,22.4,9.96,27.21,28.75,54,38.69,68,28.76,341.08,253.13,155.5,278
07/30/2018,946.75,950.5,946.75,946.75,"4,683.20","4,170.70","4,380.80","1,997.20",17.40,July,17.1,22.4,9.96,27.21,28.75,54,38.69,68,28.76,341.08,253.13,155.5,278
07/31/2018,968,970.5,968,968,"4,683.20","4,170.70","4,380.80","1,997.20",17.40,July,17.1,22.4,9.96,27.21,28.75,54,38.69,68,28.76,341.08,253.13,155.5,278
08/01/2018,958,958,955,958,"4,588.90","4,187.80","4,352.30","2,137.50",16.90,August,15.3,22,10.2,27.6,28.6,54,38.75,68,26.8,332.5,260,153.13,265.63
08/02/2018,956.75,956.75,948.25,956.75,"4,588.90","4,187.80","4,352.30","2,137.50",16.90,August,15.3,22,10.2,27.6,28.6,54,38.75,68,26.8,332.5,260,153.13,265.63
08/03/2018,960.25,960.25,944.25,960.25,"4,588.90","4,187.80","4,352.30","2,137.50",16.90,August,15.3,22,10.2,27.6,28.6,54,38.75,68,26.8,332.5,260,153.13,265.63
08/06/2018,948.5,953,948,952.5,"4,588.90","4,187.80","4,352.30","2,137.50",16.90,August,15.3,22,10.2,27.6,28.6,54,38.75,68,26.8,332.5,260,153.13,265.63
08/07/2018,958.75,963,956.75,962.75,"4,588.90","4,187.80","4,352.30","2,137.50",16.90,August,15.3,22,10.2,27.6,28.6,54,38.75,68,26.8,332.5,260,153.13,265.63
08/08/2018,969.25,970.25,969.25,969.25,"4,588.90","4,187.80","4,352.30","2,137.50",16.90,August,15.3,22,10.2,27.6,28.6,54,38.75,68,26.8,332.5,260,153.13,265.63
08/09/2018,963.75,965.25,962.75,963,"4,588.90","4,187.80","4,352.30","2,137.50",16.90,August,15.3,22,10.2,27.6,28.6,54,38.75,68,26.8,332.5,260,153.13,265.63
08/10/2018,960.25,960.25,933,934,"4,588.90","4,187.80","4,352.30","2,137.50",16.90,August,15.3,22,10.2,27.6,28.6,54,38.75,68,26.8,332.5,260,153.13,265.63
08/13/2018,937,937.5,929.25,937,"4,588.90","4,187.80","4,352.30","2,137.50",16.90,August,15.3,22,10.2,27.6,28.6,54,38.75,68,26.8,332.5,260,153.13,265.63
08/14/2018,934,944.5,934,944.5,"4,588.90","4,187.80","4,352.30","2,137.50",16.90,August,15.3,22,10.2,27.6,28.6,54,38.75,68,26.8,332.5,260,153.13,265.63
08/15/2018,940.5,940.5,940.25,940.5,"4,588.90","4,187.80","4,352.30","2,137.50",16.90,August,15.3,22,10.2,27.6,28.6,54,38.75,68,26.8,332.5,260,153.13,265.63
08/16/2018,960.25,964.5,960.25,960.25,"4,588.90","4,187.80","4,352.30","2,137.50",16.90,August,15.3,22,10.2,27.6,28.6,54,38.75,68,26.8,332.5,260,153.13,265.63
08/17/2018,952.75,958.25,947.75,955.5,"4,588.90","4,187.80","4,352.30","2,137.50",16.90,August,15.3,22,10.2,27.6,28.6,54,38.75,68,26.8,332.5,260,153.13,265.63
08/20/2018,955.5,955.5,955.5,955.5,"4,588.90","4,187.80","4,352.30","2,137.50",16.90,August,15.3,22,10.2,27.6,28.6,54,38.75,68,26.8,332.5,260,153.13,265.63
08/21/2018,953.5,956.5,953.5,953.5,"4,588.90","4,187.80","4,352.30","2,137.50",16.90,August,15.3,22,10.2,27.6,28.6,54,38.75,68,26.8,332.5,260,153.13,265.63
08/22/2018,942.75,942.75,942.75,942.75,"4,588.90","4,187.80","4,352.30","2,137.50",16.90,August,15.3,22,10.2,27.6,28.6,54,38.75,68,26.8,332.5,260,153.13,265.63
08/23/2018,935,938.5,927.25,927.25,"4,588.90","4,187.80","4,352.30","2,137.50",16.90,August,15.3,22,10.2,27.6,28.6,54,38.75,68,26.8,332.5,260,153.13,265.63
08/24/2018,930,930.5,928.5,928.5,"4,588.90","4,187.80","4,352.30","2,137.50",16.90,August,15.3,22,10.2,27.6,28.6,54,38.75,68,26.8,332.5,260,153.13,265.63
08/27/2018,918.25,926.5,918,926.5,"4,588.90","4,187.80","4,352.30","2,137.50",16.90,August,15.3,22,10.2,27.6,28.6,54,38.75,68,26.8,332.5,260,153.13,265.63
08/28/2018,919,919,918.25,919,"4,588.90","4,187.80","4,352.30","2,137.50",16.90,August,15.3,22,10.2,27.6,28.6,54,38.75,68,26.8,332.5,260,153.13,265.63
08/29/2018,921.75,926,921.75,921.75,"4,588.90","4,187.80","4,352.30","2,137.50",16.90,August,15.3,22,10.2,27.6,28.6,54,38.75,68,26.8,332.5,260,153.13,265.63
08/30/2018,913,922.5,913,915.75,"4,588.90","4,187.80","4,352.30","2,137.50",16.90,August,15.3,22,10.2,27.6,28.6,54,38.75,68,26.8,332.5,260,153.13,265.63
08/31/2018,925.25,928.5,923.5,928,"4,588.90","4,187.80","4,352.30","2,137.50",16.90,August,15.3,22,10.2,27.6,28.6,54,38.75,68,26.8,332.5,260,153.13,265.63
09/04/2018,928,932.75,921.75,928,"4,430.60","3,875.20","4,171.50","2,176.10",16.70,September,15.2,22.2,9.79,27.73,28.88,54,38.19,67.63,26.46,318.32,258.75,150.63,235
09/05/2018,923.5,923.5,922.5,923.5,"4,430.60","3,875.20","4,171.50","2,176.10",16.70,September,15.2,22.2,9.79,27.73,28.88,54,38.19,67.63,26.46,318.32,258.75,150.63,235
09/06/2018,922,927.25,922,926.5,"4,430.60","3,875.20","4,171.50","2,176.10",16.70,September,15.2,22.2,9.79,27.73,28.88,54,38.19,67.63,26.46,318.32,258.75,150.63,235
09/07/2018,931.5,932.25,925.25,931.5,"4,430.60","3,875.20","4,171.50","2,176.10",16.70,September,15.2,22.2,9.79,27.73,28.88,54,38.19,67.63,26.46,318.32,258.75,150.63,235
09/10/2018,931.25,935.25,930,931.25,"4,430.60","3,875.20","4,171.50","2,176.10",16.70,September,15.2,22.2,9.79,27.73,28.88,54,38.19,67.63,26.46,318.32,258.75,150.63,235
09/11/2018,922,922.75,916,917.25,"4,430.60","3,875.20","4,171.50","2,176.10",16.70,September,15.2,22.2,9.79,27.73,28.88,54,38.19,67.63,26.46,318.32,258.75,150.63,235
09/12/2018,910.5,927.75,910.5,927.5,"4,430.60","3,875.20","4,171.50","2,176.10",16.70,September,15.2,22.2,9.79,27.73,28.88,54,38.19,67.63,26.46,318.32,258.75,150.63,235
09/13/2018,923,930.75,923,923,"4,430.60","3,875.20","4,171.50","2,176.10",16.70,September,15.2,22.2,9.79,27.73,28.88,54,38.19,67.63,26.46,318.32,258.75,150.63,235
09/14/2018,922.75,924.5,921.75,922.75,"4,430.60","3,875.20","4,171.50","2,176.10",16.70,September,15.2,22.2,9.79,27.73,28.88,54,38.19,67.63,26.46,318.32,258.75,150.63,235
09/17/2018,920,924.25,918,921.75,"4,430.60","3,875.20","4,171.50","2,176.10",16.70,September,15.2,22.2,9.79,27.73,28.88,54,38.19,67.63,26.46,318.32,258.75,150.63,235
09/18/2018,914,915,912.25,913,"4,430.60","3,875.20","4,171.50","2,176.10",16.70,September,15.2,22.2,9.79,27.73,28.88,54,38.19,67.63,26.46,318.32,258.75,150.63,235
09/19/2018,912.25,926.25,912.25,923.5,"4,430.60","3,875.20","4,171.50","2,176.10",16.70,September,15.2,22.2,9.79,27.73,28.88,54,38.19,67.63,26.46,318.32,258.75,150.63,235
09/20/2018,927.5,944.25,922.25,942.5,"4,430.60","3,875.20","4,171.50","2,176.10",16.70,September,15.2,22.2,9.79,27.73,28.88,54,38.19,67.63,26.46,318.32,258.75,150.63,235
09/21/2018,937.5,944,937.5,944,"4,430.60","3,875.20","4,171.50","2,176.10",16.70,September,15.2,22.2,9.79,27.73,28.88,54,38.19,67.63,26.46,318.32,258.75,150.63,235
09/24/2018,943.75,944,938,942.5,"4,430.60","3,875.20","4,171.50","2,176.10",16.70,September,15.2,22.2,9.79,27.73,28.88,54,38.19,67.63,26.46,318.32,258.75,150.63,235
09/25/2018,953.75,953.75,942.25,944.5,"4,430.60","3,875.20","4,171.50","2,176.10",16.70,September,15.2,22.2,9.79,27.73,28.88,54,38.19,67.63,26.46,318.32,258.75,150.63,235
09/26/2018,945.75,948.5,945.75,945.75,"4,430.60","3,875.20","4,171.50","2,176.10",16.70,September,15.2,22.2,9.79,27.73,28.88,54,38.19,67.63,26.46,318.32,258.75,150.63,235
09/27/2018,949,951.25,947.75,950.5,"4,430.60","3,875.20","4,171.50","2,176.10",16.70,September,15.2,22.2,9.79,27.73,28.88,54,38.19,67.63,26.46,318.32,258.75,150.63,235
09/28/2018,944,945.5,944,945.5,"4,430.60","3,875.20","4,171.50","2,176.10",16.70,September,15.2,22.2,9.79,27.73,28.88,54,38.19,67.63,26.46,318.32,258.75,150.63,235
10/01/2018,956,958.25,954,955.5,"4,899.80","4,454.90","4,164.90","2,117.30",16.70,October,15.6,22.1,9.79,28.89,30.56,54,38.94,66.63,27.18,319.15,249,164,196.5
10/02/2018,958,963,954.5,963,"4,899.80","4,454.90","4,164.90","2,117.30",16.70,October,15.6,22.1,9.79,28.89,30.56,54,38.94,66.63,27.18,319.15,249,164,196.5
10/03/2018,960,965.75,959.75,961.5,"4,899.80","4,454.90","4,164.90","2,117.30",16.70,October,15.6,22.1,9.79,28.89,30.56,54,38.94,66.63,27.18,319.15,249,164,196.5
10/04/2018,963,965.5,959,960,"4,899.80","4,454.90","4,164.90","2,117.30",16.70,October,15.6,22.1,9.79,28.89,30.56,54,38.94,66.63,27.18,319.15,249,164,196.5
10/05/2018,955,969,955,969,"4,899.80","4,454.90","4,164.90","2,117.30",16.70,October,15.6,22.1,9.79,28.89,30.56,54,38.94,66.63,27.18,319.15,249,164,196.5
10/08/2018,963.25,969.25,963,967.25,"4,899.80","4,454.90","4,164.90","2,117.30",16.70,October,15.6,22.1,9.79,28.89,30.56,54,38.94,66.63,27.18,319.15,249,164,196.5
10/09/2018,960.5,963.5,958.75,963,"4,899.80","4,454.90","4,164.90","2,117.30",16.70,October,15.6,22.1,9.79,28.89,30.56,54,38.94,66.63,27.18,319.15,249,164,196.5
10/10/2018,957,958,949.75,951.5,"4,899.80","4,454.90","4,164.90","2,117.30",16.70,October,15.6,22.1,9.79,28.89,30.56,54,38.94,66.63,27.18,319.15,249,164,196.5
10/11/2018,948.25,958,948.25,958,"4,899.80","4,454.90","4,164.90","2,117.30",16.70,October,15.6,22.1,9.79,28.89,30.56,54,38.94,66.63,27.18,319.15,249,164,196.5
10/12/2018,959,963.75,959,963.75,"4,899.80","4,454.90","4,164.90","2,117.30",16.70,October,15.6,22.1,9.79,28.89,30.56,54,38.94,66.63,27.18,319.15,249,164,196.5
10/15/2018,964,982.5,964,982.5,"4,899.80","4,454.90","4,164.90","2,117.30",16.70,October,15.6,22.1,9.79,28.89,30.56,54,38.94,66.63,27.18,319.15,249,164,196.5
10/16/2018,978,978,974.75,977.75,"4,899.80","4,454.90","4,164.90","2,117.30",16.70,October,15.6,22.1,9.79,28.89,30.56,54,38.94,66.63,27.18,319.15,249,164,196.5
10/17/2018,977,979.5,976.75,977,"4,899.80","4,454.90","4,164.90","2,117.30",16.70,October,15.6,22.1,9.79,28.89,30.56,54,38.94,66.63,27.18,319.15,249,164,196.5
10/18/2018,964.75,964.75,958.5,958.75,"4,899.80","4,454.90","4,164.90","2,117.30",16.70,October,15.6,22.1,9.79,28.89,30.56,54,38.94,66.63,27.18,319.15,249,164,196.5
10/19/2018,954.75,959,952.25,952.25,"4,899.80","4,454.90","4,164.90","2,117.30",16.70,October,15.6,22.1,9.79,28.89,30.56,54,38.94,66.63,27.18,319.15,249,164,196.5
10/22/2018,955.75,957,953.5,953.5,"4,899.80","4,454.90","4,164.90","2,117.30",16.70,October,15.6,22.1,9.79,28.89,30.56,54,38.94,66.63,27.18,319.15,249,164,196.5
10/23/2018,949.25,958.25,949.25,953.5,"4,899.80","4,454.90","4,164.90","2,117.30",16.70,October,15.6,22.1,9.79,28.89,30.56,54,38.94,66.63,27.18,319.15,249,164,196.5
10/24/2018,954.75,954.75,951,951.5,"4,899.80","4,454.90","4,164.90","2,117.30",16.70,October,15.6,22.1,9.79,28.89,30.56,54,38.94,66.63,27.18,319.15,249,164,196.5
10/25/2018,946.5,946.75,942.75,943.75,"4,899.80","4,454.90","4,164.90","2,117.30",16.70,October,15.6,22.1,9.79,28.89,30.56,54,38.94,66.63,27.18,319.15,249,164,196.5
10/26/2018,947.75,950.25,945.75,945.75,"4,899.80","4,454.90","4,164.90","2,117.30",16.70,October,15.6,22.1,9.79,28.89,30.56,54,38.94,66.63,27.18,319.15,249,164,196.5
10/29/2018,943,948.25,938.5,941.25,"4,899.80","4,454.90","4,164.90","2,117.30",16.70,October,15.6,22.1,9.79,28.89,30.56,54,38.94,66.63,27.18,319.15,249,164,196.5
10/30/2018,939,940.75,936.5,936.5,"4,899.80","4,454.90","4,164.90","2,117.30",16.70,October,15.6,22.1,9.79,28.89,30.56,54,38.94,66.63,27.18,319.15,249,164,196.5
10/31/2018,936,941.5,934,941,"4,899.80","4,454.90","4,164.90","2,117.30",16.70,October,15.6,22.1,9.79,28.89,30.56,54,38.94,66.63,27.18,319.15,249,164,196.5
11/01/2018,944.5,969.25,939.75,964.75,"4,638.30","4,302.90","4,142.60","2,242.30",17.00,November,16,21.2,9.76,27.49,31.45,52.8,37.45,64.8,26.37,310.62,240,171.25,209.38
11/02/2018,963,978,961.75,966.75,"4,638.30","4,302.90","4,142.60","2,242.30",17.00,November,16,21.2,9.76,27.49,31.45,52.8,37.45,64.8,26.37,310.62,240,171.25,209.38
11/05/2018,972.5,973.25,962.75,968.25,"4,638.30","4,302.90","4,142.60","2,242.30",17.00,November,16,21.2,9.76,27.49,31.45,52.8,37.45,64.8,26.37,310.62,240,171.25,209.38
11/06/2018,967.5,969,963.25,968.25,"4,638.30","4,302.90","4,142.60","2,242.30",17.00,November,16,21.2,9.76,27.49,31.45,52.8,37.45,64.8,26.37,310.62,240,171.25,209.38
11/07/2018,963,964.5,962.5,964.25,"4,638.30","4,302.90","4,142.60","2,242.30",17.00,November,16,21.2,9.76,27.49,31.45,52.8,37.45,64.8,26.37,310.62,240,171.25,209.38
11/08/2018,965,965.75,951.5,965.75,"4,638.30","4,302.90","4,142.60","2,242.30",17.00,November,16,21.2,9.76,27.49,31.45,52.8,37.45,64.8,26.37,310.62,240,171.25,209.38
11/09/2018,966,971.5,963.25,970.5,"4,638.30","4,302.90","4,142.60","2,242.30",17.00,November,16,21.2,9.76,27.49,31.45,52.8,37.45,64.8,26.37,310.62,240,171.25,209.38
11/12/2018,967,969.5,965.75,969.5,"4,638.30","4,302.90","4,142.60","2,242.30",17.00,November,16,21.2,9.76,27.49,31.45,52.8,37.45,64.8,26.37,310.62,240,171.25,209.38
11/13/2018,969.75,972.25,965,966.25,"4,638.30","4,302.90","4,142.60","2,242.30",17.00,November,16,21.2,9.76,27.49,31.45,52.8,37.45,64.8,26.37,310.62,240,171.25,209.38
11/14/2018,970,974.5,970,973.5,"4,638.30","4,302.90","4,142.60","2,242.30",17.00,November,16,21.2,9.76,27.49,31.45,52.8,37.45,64.8,26.37,310.62,240,171.25,209.38
11/15/2018,979.75,983.25,970.5,973.5,"4,638.30","4,302.90","4,142.60","2,242.30",17.00,November,16,21.2,9.76,27.49,31.45,52.8,37.45,64.8,26.37,310.62,240,171.25,209.38
11/16/2018,970.25,976.25,967,973.25,"4,638.30","4,302.90","4,142.60","2,242.30",17.00,November,16,21.2,9.76,27.49,31.45,52.8,37.45,64.8,26.37,310.62,240,171.25,209.38
11/19/2018,962.5,962.5,957.75,959.25,"4,638.30","4,302.90","4,142.60","2,242.30",17.00,November,16,21.2,9.76,27.49,31.45,52.8,37.45,64.8,26.37,310.62,240,171.25,209.38
11/20/2018,961,969.75,961,966.75,"4,638.30","4,302.90","4,142.60","2,242.30",17.00,November,16,21.2,9.76,27.49,31.45,52.8,37.45,64.8,26.37,310.62,240,171.25,209.38
11/21/2018,965,973.25,963.75,967.75,"4,638.30","4,302.90","4,142.60","2,242.30",17.00,November,16,21.2,9.76,27.49,31.45,52.8,37.45,64.8,26.37,310.62,240,171.25,209.38
11/23/2018,966.5,968.5,965.75,967.75,"4,638.30","4,302.90","4,142.60","2,242.30",17.00,November,16,21.2,9.76,27.49,31.45,52.8,37.45,64.8,26.37,310.62,240,171.25,209.38
11/26/2018,952.25,954,949,953.25,"4,638.30","4,302.90","4,142.60","2,242.30",17.00,November,16,21.2,9.76,27.49,31.45,52.8,37.45,64.8,26.37,310.62,240,171.25,209.38
11/27/2018,955.25,966.75,954,964,"4,638.30","4,302.90","4,142.60","2,242.30",17.00,November,16,21.2,9.76,27.49,31.45,52.8,37.45,64.8,26.37,310.62,240,171.25,209.38
11/28/2018,973,976.75,970.25,973,"4,638.30","4,302.90","4,142.60","2,242.30",17.00,November,16,21.2,9.76,27.49,31.45,52.8,37.45,64.8,26.37,310.62,240,171.25,209.38
11/29/2018,968.5,975.25,967,968,"4,638.30","4,302.90","4,142.60","2,242.30",17.00,November,16,21.2,9.76,27.49,31.45,52.8,37.45,64.8,26.37,310.62,240,171.25,209.38
11/30/2018,972.5,975,971.5,973,"4,638.30","4,302.90","4,142.60","2,242.30",17.00,November,16,21.2,9.76,27.49,31.45,52.8,37.45,64.8,26.37,310.62,240,171.25,209.38
12/03/2018,982.75,990,980.5,983,"4,690.70","4,255.60","4,080.10","2,134.30",16.40,December,16.3,17.8,9.66,28.14,32.06,53.5,36.75,62.25,26.46,311.7,243.75,187.5,225.83
12/04/2018,979.75,987.75,979.25,986.75,"4,690.70","4,255.60","4,080.10","2,134.30",16.40,December,16.3,17.8,9.66,28.14,32.06,53.5,36.75,62.25,26.46,311.7,243.75,187.5,225.83
12/05/2018,988,989,987.5,987.75,"4,690.70","4,255.60","4,080.10","2,134.30",16.40,December,16.3,17.8,9.66,28.14,32.06,53.5,36.75,62.25,26.46,311.7,243.75,187.5,225.83
12/06/2018,982,987.25,975.5,987,"4,690.70","4,255.60","4,080.10","2,134.30",16.40,December,16.3,17.8,9.66,28.14,32.06,53.5,36.75,62.25,26.46,311.7,243.75,187.5,225.83
12/07/2018,987,992.75,985,992.75,"4,690.70","4,255.60","4,080.10","2,134.30",16.40,December,16.3,17.8,9.66,28.14,32.06,53.5,36.75,62.25,26.46,311.7,243.75,187.5,225.83
12/10/2018,989.5,991.5,987,989.25,"4,690.70","4,255.60","4,080.10","2,134.30",16.40,December,16.3,17.8,9.66,28.14,32.06,53.5,36.75,62.25,26.46,311.7,243.75,187.5,225.83
12/11/2018,990,994.25,990,993.5,"4,690.70","4,255.60","4,080.10","2,134.30",16.40,December,16.3,17.8,9.66,28.14,32.06,53.5,36.75,62.25,26.46,311.7,243.75,187.5,225.83
12/12/2018,995,1000,992,995.75,"4,690.70","4,255.60","4,080.10","2,134.30",16.40,December,16.3,17.8,9.66,28.14,32.06,53.5,36.75,62.25,26.46,311.7,243.75,187.5,225.83
12/13/2018,989,989,985.25,986.5,"4,690.70","4,255.60","4,080.10","2,134.30",16.40,December,16.3,17.8,9.66,28.14,32.06,53.5,36.75,62.25,26.46,311.7,243.75,187.5,225.83
12/14/2018,987,987,980.5,981.75,"4,690.70","4,255.60","4,080.10","2,134.30",16.40,December,16.3,17.8,9.66,28.14,32.06,53.5,36.75,62.25,26.46,311.7,243.75,187.5,225.83
12/17/2018,985,987.5,984.25,984.25,"4,690.70","4,255.60","4,080.10","2,134.30",16.40,December,16.3,17.8,9.66,28.14,32.06,53.5,36.75,62.25,26.46,311.7,243.75,187.5,225.83
12/18/2018,987.5,991.5,986.75,987,"4,690.70","4,255.60","4,080.10","2,134.30",16.40,December,16.3,17.8,9.66,28.14,32.06,53.5,36.75,62.25,26.46,311.7,243.75,187.5,225.83
12/19/2018,986,987.75,980,981.5,"4,690.70","4,255.60","4,080.10","2,134.30",16.40,December,16.3,17.8,9.66,28.14,32.06,53.5,36.75,62.25,26.46,311.7,243.75,187.5,225.83
12/20/2018,978,983.25,975.25,975.25,"4,690.70","4,255.60","4,080.10","2,134.30",16.40,December,16.3,17.8,9.66,28.14,32.06,53.5,36.75,62.25,26.46,311.7,243.75,187.5,225.83
12/21/2018,974.75,975.25,969,970.75,"4,690.70","4,255.60","4,080.10","2,134.30",16.40,December,16.3,17.8,9.66,28.14,32.06,53.5,36.75,62.25,26.46,311.7,243.75,187.5,225.83
12/24/2018,968,972,968,971.25,"4,690.70","4,255.60","4,080.10","2,134.30",16.40,December,16.3,17.8,9.66,28.14,32.06,53.5,36.75,62.25,26.46,311.7,243.75,187.5,225.83
12/26/2018,963.75,971.75,960.25,960.25,"4,690.70","4,255.60","4,080.10","2,134.30",16.40,December,16.3,17.8,9.66,28.14,32.06,53.5,36.75,62.25,26.46,311.7,243.75,187.5,225.83
12/27/2018,962.25,964.75,959.5,961,"4,690.70","4,255.60","4,080.10","2,134.30",16.40,December,16.3,17.8,9.66,28.14,32.06,53.5,36.75,62.25,26.46,311.7,243.75,187.5,225.83
12/28/2018,970,974.25,969.25,970.5,"4,690.70","4,255.60","4,080.10","2,134.30",16.40,December,16.3,17.8,9.66,28.14,32.06,53.5,36.75,62.25,26.46,311.7,243.75,187.5,225.83
12/31/2018,974.5,974.5,968,970.5,"4,690.70","4,255.60","4,080.10","2,134.30",16.40,December,16.3,17.8,9.66,28.14,32.06,53.5,36.75,62.25,26.46,311.7,243.75,187.5,225.83
01/02/2019,974,980.75,974,978,"4,767.70","4,347.90","4,092.70","2,088.00",17.40,January,16.7,22.2,9.75,28.44,33.94,53.5,37.13,61.88,26.21,314.92,247.5,190.5,219
01/03/2019,980,980.75,980,980.75,"4,767.70","4,347.90","4,092.70","2,088.00",17.40,January,16.7,22.2,9.75,28.44,33.94,53.5,37.13,61.88,26.21,314.92,247.5,190.5,219
01/04/2019,981,989,981,988.5,"4,767.70","4,347.90","4,092.70","2,088.00",17.40,January,16.7,22.2,9.75,28.44,33.94,53.5,37.13,61.88,26.21,314.92,247.5,190.5,219
01/07/2019,990,992.75,989.25,990.5,"4,767.70","4,347.90","4,092.70","2,088.00",17.40,January,16.7,22.2,9.75,28.44,33.94,53.5,37.13,61.88,26.21,314.92,247.5,190.5,219
01/08/2019,991.5,991.75,984,988.5,"4,767.70","4,347.90","4,092.70","2,088.00",17.40,January,16.7,22.2,9.75,28.44,33.94,53.5,37.13,61.88,26.21,314.92,247.5,190.5,219
01/09/2019,991,994.5,991,993.5,"4,767.70","4,347.90","4,092.70","2,088.00",17.40,January,16.7,22.2,9.75,28.44,33.94,53.5,37.13,61.88,26.21,314.92,247.5,190.5,219
01/10/2019,992,992.5,978.75,980.75,"4,767.70","4,347.90","4,092.70","2,088.00",17.40,January,16.7,22.2,9.75,28.44,33.94,53.5,37.13,61.88,26.21,314.92,247.5,190.5,219
01/11/2019,981,986.25,981,985,"4,767.70","4,347.90","4,092.70","2,088.00",17.40,January,16.7,22.2,9.75,28.44,33.94,53.5,37.13,61.88,26.21,314.92,247.5,190.5,219
01/14/2019,981,981,978.5,980.5,"4,767.70","4,347.90","4,092.70","2,088.00",17.40,January,16.7,22.2,9.75,28.44,33.94,53.5,37.13,61.88,26.21,314.92,247.5,190.5,219
01/15/2019,978.25,978.25,970.5,972.75,"4,767.70","4,347.90","4,092.70","2,088.00",17.40,January,16.7,22.2,9.75,28.44,33.94,53.5,37.13,61.88,26.21,314.92,247.5,190.5,219
01/16/2019,975.25,976.25,970.25,972,"4,767.70","4,347.90","4,092.70","2,088.00",17.40,January,16.7,22.2,9.75,28.44,33.94,53.5,37.13,61.88,26.21,314.92,247.5,190.5,219
01/17/2019,972,982,971.5,979.25,"4,767.70","4,347.90","4,092.70","2,088.00",17.40,January,16.7,22.2,9.75,28.44,33.94,53.5,37.13,61.88,26.21,314.92,247.5,190.5,219
01/18/2019,977.5,989,977.5,986.25,"4,767.70","4,347.90","4,092.70","2,088.00",17.40,January,16.7,22.2,9.75,28.44,33.94,53.5,37.13,61.88,26.21,314.92,247.5,190.5,219
01/22/2019,986,986.5,972.5,980.75,"4,767.70","4,347.90","4,092.70","2,088.00",17.40,January,16.7,22.2,9.75,28.44,33.94,53.5,37.13,61.88,26.21,314.92,247.5,190.5,219
01/23/2019,984,984.25,981.25,984.25,"4,767.70","4,347.90","4,092.70","2,088.00",17.40,January,16.7,22.2,9.75,28.44,33.94,53.5,37.13,61.88,26.21,314.92,247.5,190.5,219
01/24/2019,981.25,985.5,981,983.5,"4,767.70","4,347.90","4,092.70","2,088.00",17.40,January,16.7,22.2,9.75,28.44,33.94,53.5,37.13,61.88,26.21,314.92,247.5,190.5,219
01/25/2019,983,989,981,988.75,"4,767.70","4,347.90","4,092.70","2,088.00",17.40,January,16.7,22.2,9.75,28.44,33.94,53.5,37.13,61.88,26.21,314.92,247.5,190.5,219
01/28/2019,984,986.25,982.75,986,"4,767.70","4,347.90","4,092.70","2,088.00",17.40,January,16.7,22.2,9.75,28.44,33.94,53.5,37.13,61.88,26.21,314.92,247.5,190.5,219
01/29/2019,984,984,981.75,983,"4,767.70","4,347.90","4,092.70","2,088.00",17.40,January,16.7,22.2,9.75,28.44,33.94,53.5,37.13,61.88,26.21,314.92,247.5,190.5,219
01/30/2019,983.25,986.75,981.75,984.25,"4,767.70","4,347.90","4,092.70","2,088.00",17.40,January,16.7,22.2,9.75,28.44,33.94,53.5,37.13,61.88,26.21,314.92,247.5,190.5,219
01/31/2019,985,989,979.5,981.25,"4,767.70","4,347.90","4,092.70","2,088.00",17.40,January,16.7,22.2,9.75,28.44,33.94,53.5,37.13,61.88,26.21,314.92,247.5,190.5,219
02/01/2019,986.5,990.5,982.25,982.25,"4,315.40","4,020.60","4,092.70","2,088.00",18.00,February,16.2,21.5,9.79,29.58,36.44,53,37.75,61.13,25.65,306.83,235,187.5,225
02/04/2019,981.5,986,980.75,982.75,"4,315.40","4,020.60","4,092.70","2,088.00",18.00,February,16.2,21.5,9.79,29.58,36.44,53,37.75,61.13,25.65,306.83,235,187.5,225
02/05/2019,981.25,985,979,984.5,"4,315.40","4,020.60","4,092.70","2,088.00",18.00,February,16.2,21.5,9.79,29.58,36.44,53,37.75,61.13,25.65,306.83,235,187.5,225
02/06/2019,984.25,989,984,988.5,"4,315.40","4,020.60","4,092.70","2,088.00",18.00,February,16.2,21.5,9.79,29.58,36.44,53,37.75,61.13,25.65,306.83,235,187.5,225
02/07/2019,987.25,988.25,980.5,982.25,"4,315.40","4,020.60","4,092.70","2,088.00",18.00,February,16.2,21.5,9.79,29.58,36.44,53,37.75,61.13,25.65,306.83,235,187.5,225
02/08/2019,982.75,985,978,982.75,"4,315.40","4,020.60","4,092.70","2,088.00",18.00,February,16.2,21.5,9.79,29.58,36.44,53,37.75,61.13,25.65,306.83,235,187.5,225
02/11/2019,985,985,974.75,976.5,"4,315.40","4,020.60","4,092.70","2,088.00",18.00,February,16.2,21.5,9.79,29.58,36.44,53,37.75,61.13,25.65,306.83,235,187.5,225
02/12/2019,980.25,989.75,979.25,987.75,"4,315.40","4,020.60","4,092.70","2,088.00",18.00,February,16.2,21.5,9.79,29.58,36.44,53,37.75,61.13,25.65,306.83,235,187.5,225
02/13/2019,987,989,983,985.25,"4,315.40","4,020.60","4,092.70","2,088.00",18.00,February,16.2,21.5,9.79,29.58,36.44,53,37.75,61.13,25.65,306.83,235,187.5,225
02/14/2019,982.5,985.5,974.5,975.25,"4,315.40","4,020.60","4,092.70","2,088.00",18.00,February,16.2,21.5,9.79,29.58,36.44,53,37.75,61.13,25.65,306.83,235,187.5,225
02/15/2019,977.5,979.5,973.5,979,"4,315.40","4,020.60","4,092.70","2,088.00",18.00,February,16.2,21.5,9.79,29.58,36.44,53,37.75,61.13,25.65,306.83,235,187.5,225
02/19/2019,980.25,981.25,968.25,973.5,"4,315.40","4,020.60","4,092.70","2,088.00",18.00,February,16.2,21.5,9.79,29.58,36.44,53,37.75,61.13,25.65,306.83,235,187.5,225
02/20/2019,973.5,976.75,966.5,975.75,"4,315.40","4,020.60","4,092.70","2,088.00",18.00,February,16.2,21.5,9.79,29.58,36.44,53,37.75,61.13,25.65,306.83,235,187.5,225
02/21/2019,975,983.75,973,980.25,"4,315.40","4,020.60","4,092.70","2,088.00",18.00,February,16.2,21.5,9.79,29.58,36.44,53,37.75,61.13,25.65,306.83,235,187.5,225
02/22/2019,981.25,982.25,977.5,980.25,"4,315.40","4,020.60","4,092.70","2,088.00",18.00,February,16.2,21.5,9.79,29.58,36.44,53,37.75,61.13,25.65,306.83,235,187.5,225
02/25/2019,985,987.5,980,980,"4,315.40","4,020.60","4,092.70","2,088.00",18.00,February,16.2,21.5,9.79,29.58,36.44,53,37.75,61.13,25.65,306.83,235,187.5,225
02/26/2019,977.75,978.5,971.25,975.75,"4,315.40","4,020.60","4,092.70","2,088.00",18.00,February,16.2,21.5,9.79,29.58,36.44,53,37.75,61.13,25.65,306.83,235,187.5,225
02/27/2019,976.25,980.5,973,976,"4,315.40","4,020.60","4,092.70","2,088.00",18.00,February,16.2,21.5,9.79,29.58,36.44,53,37.75,61.13,25.65,306.83,235,187.5,225
02/28/2019,976.75,977,970.5,971.75,"4,315.40","4,020.60","4,092.70","2,088.00",18.00,February,16.2,21.5,9.79,29.58,36.44,53,37.75,61.13,25.65,306.83,235,187.5,225
03/01/2019,977,977.25,964.5,972.5,"4,569.20","4,059.10","4,273.90","2,041.00",17.80,March,15.8,16,10.1,28.62,35.7,53.2,36.15,61,26.72,306.38,226.25,189.38,235.63
03/04/2019,979,983.75,978.25,978.25,"4,569.20","4,059.10","4,273.90","2,041.00",17.80,March,15.8,20.5,9.93,27.86,37.13,54,35.44,65.25,27.94,304.26,216.5,166.5,241.5
03/05/2019,976.5,979,974,978.5,"4,569.20","4,059.10","4,273.90","2,041.00",17.80,March,15.8,20.5,9.93,27.86,37.13,54,35.44,65.25,27.94,304.26,216.5,166.5,241.5
03/06/2019,977,979,966.5,967.75,"4,569.20","4,059.10","4,273.90","2,041.00",17.80,March,15.8,20.5,9.93,27.86,37.13,54,35.44,65.25,27.94,304.26,216.5,166.5,241.5
03/07/2019,970,971,963,964,"4,569.20","4,059.10","4,273.90","2,041.00",17.80,March,15.8,20.5,9.93,27.86,37.13,54,35.44,65.25,27.94,304.26,216.5,166.5,241.5
03/08/2019,964,965.25,956.25,959.5,"4,569.20","4,059.10","4,273.90","2,041.00",17.80,March,15.8,20.5,9.93,27.86,37.13,54,35.44,65.25,27.94,304.26,216.5,166.5,241.5
03/11/2019,958.5,961.25,954.5,955.75,"4,569.20","4,059.10","4,273.90","2,041.00",17.80,March,15.8,20.5,9.93,27.86,37.13,54,35.44,65.25,27.94,304.26,216.5,166.5,241.5
03/12/2019,955.25,964,954.25,962.25,"4,569.20","4,059.10","4,273.90","2,041.00",17.80,March,15.8,20.5,9.93,27.86,37.13,54,35.44,65.25,27.94,304.26,216.5,166.5,241.5
03/13/2019,960,966.75,957.5,966,"4,569.20","4,059.10","4,273.90","2,041.00",17.80,March,15.8,20.5,9.93,27.86,37.13,54,35.44,65.25,27.94,304.26,216.5,166.5,241.5
03/14/2019,968,968.5,961.75,962.75,"4,569.20","4,059.10","4,273.90","2,041.00",17.80,March,15.8,20.5,9.93,27.86,37.13,54,35.44,65.25,27.94,304.26,216.5,166.5,241.5
03/15/2019,964.5,972.5,962.25,970.25,"4,569.20","4,059.10","4,273.90","2,041.00",17.80,March,15.8,20.5,9.93,27.86,37.13,54,35.44,65.25,27.94,304.26,216.5,166.5,241.5
03/18/2019,967.25,969.25,964,967.25,"4,569.20","4,059.10","4,273.90","2,041.00",17.80,March,15.8,20.5,9.93,27.86,37.13,54,35.44,65.25,27.94,304.26,216.5,166.5,241.5
03/19/2019,967.25,969.5,963.75,967.5,"4,569.20","4,059.10","4,273.90","2,041.00",17.80,March,15.8,20.5,9.93,27.86,37.13,54,35.44,65.25,27.94,304.26,216.5,166.5,241.5
03/20/2019,966,970.25,964.75,968.25,"4,569.20","4,059.10","4,273.90","2,041.00",17.80,March,15.8,20.5,9.93,27.86,37.13,54,35.44,65.25,27.94,304.26,216.5,166.5,241.5
03/21/2019,968.75,973.5,966.5,971.75,"4,569.20","4,059.10","4,273.90","2,041.00",17.80,March,15.8,20.5,9.93,27.86,37.13,54,35.44,65.25,27.94,304.26,216.5,166.5,241.5
03/22/2019,970.75,972.25,961.5,962,"4,569.20","4,059.10","4,273.90","2,041.00",17.80,March,15.8,20.5,9.93,27.86,37.13,54,35.44,65.25,27.94,304.26,216.5,166.5,241.5
03/25/2019,965,965.25,959.75,964.25,"4,569.20","4,059.10","4,273.90","2,041.00",17.80,March,15.8,20.5,9.93,27.86,37.13,54,35.44,65.25,27.94,304.26,216.5,166.5,241.5
03/26/2019,964.75,964.75,959.25,960,"4,569.20","4,059.10","4,273.90","2,041.00",17.80,March,15.8,20.5,9.93,27.86,37.13,54,35.44,65.25,27.94,304.26,216.5,166.5,241.5
03/27/2019,958.75,959,947.75,950.75,"4,569.20","4,059.10","4,273.90","2,041.00",17.80,March,15.8,20.5,9.93,27.86,37.13,54,35.44,65.25,27.94,304.26,216.5,166.5,241.5
03/28/2019,952,953.5,950,950,"4,569.20","4,059.10","4,273.90","2,041.00",17.80,March,15.8,20.5,9.93,27.86,37.13,54,35.44,65.25,27.94,304.26,216.5,166.5,241.5
03/29/2019,952,953,944.75,945.75,"4,569.20","4,059.10","4,273.90","2,041.00",17.80,March,15.8,20.5,9.93,27.86,37.13,54,35.44,65.25,27.94,304.26,216.5,166.5,241.5
04/01/2019,949.75,958.5,949.5,955.75,"4,607.20","4,222.10","4,251.10","1,993.40",17.60,April,15.8,20.5,9.93,27.86,37.13,54,35.44,65.25,27.94,304.26,216.5,166.5,241.5
04/02/2019,957,963,953.5,963,"4,607.20","4,222.10","4,251.10","1,993.40",17.60,April,15.8,20.5,9.93,27.86,37.13,54,35.44,65.25,27.94,304.26,216.5,166.5,241.5
04/03/2019,965,965.25,959,962.5,"4,607.20","4,222.10","4,251.10","1,993.40",17.60,April,15.8,20.5,9.93,27.86,37.13,54,35.44,65.25,27.94,304.26,216.5,166.5,241.5
04/04/2019,962.75,969.75,962.75,969.75,"4,607.20","4,222.10","4,251.10","1,993.40",17.60,April,15.8,20.5,9.93,27.86,37.13,54,35.44,65.25,27.94,304.26,216.5,166.5,241.5
04/05/2019,966,966,963.5,965.25,"4,607.20","4,222.10","4,251.10","1,993.40",17.60,April,15.8,20.5,9.93,27.86,37.13,54,35.44,65.25,27.94,304.26,216.5,166.5,241.5
04/08/2019,968,968.75,963.25,964.5,"4,607.20","4,222.10","4,251.10","1,993.40",17.60,April,15.8,20.5,9.93,27.86,37.13,54,35.44,65.25,27.94,304.26,216.5,166.5,241.5
04/09/2019,963.75,966.75,960.25,964,"4,607.20","4,222.10","4,251.10","1,993.40",17.60,April,15.8,20.5,9.93,27.86,37.13,54,35.44,65.25,27.94,304.26,216.5,166.5,241.5
04/10/2019,963.75,968,962.75,966,"4,607.20","4,222.10","4,251.10","1,993.40",17.60,April,15.8,20.5,9.93,27.86,37.13,54,35.44,65.25,27.94,304.26,216.5,166.5,241.5
04/11/2019,965.25,967,959,960.5,"4,607.20","4,222.10","4,251.10","1,993.40",17.60,April,15.8,20.5,9.93,27.86,37.13,54,35.44,65.25,27.94,304.26,216.5,166.5,241.5
04/12/2019,960.5,962.75,958.75,959.75,"4,607.20","4,222.10","4,251.10","1,993.40",17.60,April,15.8,20.5,9.93,27.86,37.13,54,35.44,65.25,27.94,304.26,216.5,166.5,241.5
04/15/2019,963,965.75,961.5,962.75,"4,607.20","4,222.10","4,251.10","1,993.40",17.60,April,15.8,20.5,9.93,27.86,37.13,54,35.44,65.25,27.94,304.26,216.5,166.5,241.5
04/16/2019,961.75,961.75,952.25,954,"4,607.20","4,222.10","4,251.10","1,993.40",17.60,April,15.8,20.5,9.93,27.86,37.13,54,35.44,65.25,27.94,304.26,216.5,166.5,241.5
04/17/2019,955,955.5,946,946.25,"4,607.20","4,222.10","4,251.10","1,993.40",17.60,April,15.8,20.5,9.93,27.86,37.13,54,35.44,65.25,27.94,304.26,216.5,166.5,241.5
04/18/2019,945.75,948.5,944.5,947.5,"4,607.20","4,222.10","4,251.10","1,993.40",17.60,April,15.8,20.5,9.93,27.86,37.13,54,35.44,65.25,27.94,304.26,216.5,166.5,241.5
04/22/2019,948,948.25,943.25,944,"4,607.20","4,222.10","4,251.10","1,993.40",17.60,April,15.8,20.5,9.93,27.86,37.13,54,35.44,65.25,27.94,304.26,216.5,166.5,241.5
04/23/2019,945.25,945.25,931.25,932.75,"4,607.20","4,222.10","4,251.10","1,993.40",17.60,April,15.8,20.5,9.93,27.86,37.13,54,35.44,65.25,27.94,304.26,216.5,166.5,241.5
04/24/2019,932.5,934.5,925.5,926,"4,607.20","4,222.10","4,251.10","1,993.40",17.60,April,15.8,20.5,9.93,27.86,37.13,54,35.44,65.25,27.94,304.26,216.5,166.5,241.5
04/25/2019,929,932.5,924.5,929.75,"4,607.20","4,222.10","4,251.10","1,993.40",17.60,April,15.8,20.5,9.93,27.86,37.13,54,35.44,65.25,27.94,304.26,216.5,166.5,241.5
04/26/2019,926.25,929.25,923.25,924.25,"4,607.20","4,222.10","4,251.10","1,993.40",17.60,April,15.8,20.5,9.93,27.86,37.13,54,35.44,65.25,27.94,304.26,216.5,166.5,241.5
04/29/2019,926.75,929.25,916.75,917.25,"4,607.20","4,222.10","4,251.10","1,993.40",17.60,April,15.8,20.5,9.93,27.86,37.13,54,35.44,65.25,27.94,304.26,216.5,166.5,241.5
04/30/2019,917.5,920.5,910.25,912.5,"4,607.20","4,222.10","4,251.10","1,993.40",17.60,April,15.8,20.5,9.93,27.86,37.13,54,35.44,65.25,27.94,304.26,216.5,166.5,241.5
05/01/2019,912.5,915.5,903.75,911.25,"4,363.60","4,051.50","4,208.30","2,189.40",18.30,May,15.2,20.6,9.54,26.93,35.65,53.4,34.1,66,27.76,297.52,215,141.25,233.75
05/02/2019,910.75,912.5,902.75,904.5,"4,363.60","4,051.50","4,208.30","2,189.40",18.30,May,15.2,20.6,9.54,26.93,35.65,53.4,34.1,66,27.76,297.52,215,141.25,233.75
05/03/2019,905,908.5,903.25,905,"4,363.60","4,051.50","4,208.30","2,189.40",18.30,May,15.2,20.6,9.54,26.93,35.65,53.4,34.1,66,27.76,297.52,215,141.25,233.75
05/06/2019,896.75,898.75,885.25,897,"4,363.60","4,051.50","4,208.30","2,189.40",18.30,May,15.2,20.6,9.54,26.93,35.65,53.4,34.1,66,27.76,297.52,215,141.25,233.75
05/07/2019,897.25,900,893.75,895.75,"4,363.60","4,051.50","4,208.30","2,189.40",18.30,May,15.2,20.6,9.54,26.93,35.65,53.4,34.1,66,27.76,297.52,215,141.25,233.75
05/08/2019,896,899,891.5,894,"4,363.60","4,051.50","4,208.30","2,189.40",18.30,May,15.2,20.6,9.54,26.93,35.65,53.4,34.1,66,27.76,297.52,215,141.25,233.75
05/09/2019,893,893.25,876.75,882.5,"4,363.60","4,051.50","4,208.30","2,189.40",18.30,May,15.2,20.6,9.54,26.93,35.65,53.4,34.1,66,27.76,297.52,215,141.25,233.75
05/10/2019,883,886.5,879,881.75,"4,363.60","4,051.50","4,208.30","2,189.40",18.30,May,15.2,20.6,9.54,26.93,35.65,53.4,34.1,66,27.76,297.52,215,141.25,233.75
05/13/2019,877.75,880.25,866,878,"4,363.60","4,051.50","4,208.30","2,189.40",18.30,May,15.2,20.6,9.54,26.93,35.65,53.4,34.1,66,27.76,297.52,215,141.25,233.75
05/14/2019,880.5,908.25,880.5,903.25,"4,363.60","4,051.50","4,208.30","2,189.40",18.30,May,15.2,20.6,9.54,26.93,35.65,53.4,34.1,66,27.76,297.52,215,141.25,233.75
05/15/2019,902.5,914.75,899,904,"4,363.60","4,051.50","4,208.30","2,189.40",18.30,May,15.2,20.6,9.54,26.93,35.65,53.4,34.1,66,27.76,297.52,215,141.25,233.75
05/16/2019,903.5,913,902.75,907.5,"4,363.60","4,051.50","4,208.30","2,189.40",18.30,May,15.2,20.6,9.54,26.93,35.65,53.4,34.1,66,27.76,297.52,215,141.25,233.75
05/17/2019,907.75,908.5,889,890,"4,363.60","4,051.50","4,208.30","2,189.40",18.30,May,15.2,20.6,9.54,26.93,35.65,53.4,34.1,66,27.76,297.52,215,141.25,233.75
05/20/2019,895.25,903.75,893,899.5,"4,363.60","4,051.50","4,208.30","2,189.40",18.30,May,15.2,20.6,9.54,26.93,35.65,53.4,34.1,66,27.76,297.52,215,141.25,233.75
05/21/2019,904.75,909.5,886.25,890,"4,363.60","4,051.50","4,208.30","2,189.40",18.30,May,15.2,20.6,9.54,26.93,35.65,53.4,34.1,66,27.76,297.52,215,141.25,233.75
05/22/2019,890.25,902.5,887.5,896.75,"4,363.60","4,051.50","4,208.30","2,189.40",18.30,May,15.2,20.6,9.54,26.93,35.65,53.4,34.1,66,27.76,297.52,215,141.25,233.75
05/23/2019,896,902.5,888.75,893,"4,363.60","4,051.50","4,208.30","2,189.40",18.30,May,15.2,20.6,9.54,26.93,35.65,53.4,34.1,66,27.76,297.52,215,141.25,233.75
05/24/2019,892.25,901,891.5,898.75,"4,363.60","4,051.50","4,208.30","2,189.40",18.30,May,15.2,20.6,9.54,26.93,35.65,53.4,34.1,66,27.76,297.52,215,141.25,233.75
05/28/2019,907.5,922.5,906.5,921.75,"4,363.60","4,051.50","4,208.30","2,189.40",18.30,May,15.2,20.6,9.54,26.93,35.65,53.4,34.1,66,27.76,297.52,215,141.25,233.75
05/29/2019,926.75,951.75,926.75,932.75,"4,363.60","4,051.50","4,208.30","2,189.40",18.30,May,15.2,20.6,9.54,26.93,35.65,53.4,34.1,66,27.76,297.52,215,141.25,233.75
05/30/2019,930.5,946.25,926.25,945.25,"4,363.60","4,051.50","4,208.30","2,189.40",18.30,May,15.2,20.6,9.54,26.93,35.65,53.4,34.1,66,27.76,297.52,215,141.25,233.75
05/31/2019,944.75,948.25,935.5,937,"4,363.60","4,051.50","4,208.30","2,189.40",18.30,May,15.2,20.6,9.54,26.93,35.65,53.4,34.1,66,27.76,297.52,215,141.25,233.75
06/03/2019,935,946.5,934,939.5,"4,051.30","3,626.90","3,865.50","1,891.70",17.9,June,14.9,21.7,9.07,28.24,36.69,51,34.63,66,27.38,324.75,215.63,143.13,228.88
06/04/2019,949.75,952,942,944.25,"4,051.30","3,626.90","3,865.50","1,891.70",17.9,June,14.9,21.7,9.07,28.24,36.69,51,34.63,66,27.38,324.75,215.63,143.13,228.88
06/05/2019,944.5,947,933.5,935,"4,051.30","3,626.90","3,865.50","1,891.70",17.9,June,14.9,21.7,9.07,28.24,36.69,51,34.63,66,27.38,324.75,215.63,143.13,228.88
06/06/2019,934.75,936.75,924,933.75,"4,051.30","3,626.90","3,865.50","1,891.70",17.9,June,14.9,21.7,9.07,28.24,36.69,51,34.63,66,27.38,324.75,215.63,143.13,228.88
06/07/2019,935,936,922.75,924.75,"4,051.30","3,626.90","3,865.50","1,891.70",17.9,June,14.9,21.7,9.07,28.24,36.69,51,34.63,66,27.38,324.75,215.63,143.13,228.88
06/10/2019,922,934.25,918.25,928.75,"4,051.30","3,626.90","3,865.50","1,891.70",17.9,June,14.9,21.7,9.07,28.24,36.69,51,34.63,66,27.38,324.75,215.63,143.13,228.88
06/11/2019,926,933.5,922.5,930.25,"4,051.30","3,626.90","3,865.50","1,891.70",17.9,June,14.9,21.7,9.07,28.24,36.69,51,34.63,66,27.38,324.75,215.63,143.13,228.88
06/12/2019,927.5,946.75,923.75,943.25,"4,051.30","3,626.90","3,865.50","1,891.70",17.9,June,14.9,21.7,9.07,28.24,36.69,51,34.63,66,27.38,324.75,215.63,143.13,228.88
06/13/2019,946,949.5,942.5,948.5,"4,051.30","3,626.90","3,865.50","1,891.70",17.9,June,14.9,21.7,9.07,28.24,36.69,51,34.63,66,27.38,324.75,215.63,143.13,228.88
06/14/2019,949,954.5,946,952,"4,051.30","3,626.90","3,865.50","1,891.70",17.9,June,14.9,21.7,9.07,28.24,36.69,51,34.63,66,27.38,324.75,215.63,143.13,228.88
06/17/2019,954.5,965,954.25,962.25,"4,051.30","3,626.90","3,865.50","1,891.70",17.9,June,14.9,21.7,9.07,28.24,36.69,51,34.63,66,27.38,324.75,215.63,143.13,228.88
06/18/2019,965,968,956.5,961.75,"4,051.30","3,626.90","3,865.50","1,891.70",17.9,June,14.9,21.7,9.07,28.24,36.69,51,34.63,66,27.38,324.75,215.63,143.13,228.88
06/19/2019,957.75,963.25,955,956.5,"4,051.30","3,626.90","3,865.50","1,891.70",17.9,June,14.9,21.7,9.07,28.24,36.69,51,34.63,66,27.38,324.75,215.63,143.13,228.88
06/20/2019,952.75,970.5,951,969.75,"4,051.30","3,626.90","3,865.50","1,891.70",17.9,June,14.9,21.7,9.07,28.24,36.69,51,34.63,66,27.38,324.75,215.63,143.13,228.88
06/21/2019,969.25,971.25,957.75,957.75,"4,051.30","3,626.90","3,865.50","1,891.70",17.9,June,14.9,21.7,9.07,28.24,36.69,51,34.63,66,27.38,324.75,215.63,143.13,228.88
06/24/2019,957.75,964.75,955,963.25,"4,051.30","3,626.90","3,865.50","1,891.70",17.9,June,14.9,21.7,9.07,28.24,36.69,51,34.63,66,27.38,324.75,215.63,143.13,228.88
06/25/2019,967.75,968.5,952.75,955,"4,051.30","3,626.90","3,865.50","1,891.70",17.9,June,14.9,21.7,9.07,28.24,36.69,51,34.63,66,27.38,324.75,215.63,143.13,228.88
06/26/2019,953.25,953.75,946.5,947.75,"4,051.30","3,626.90","3,865.50","1,891.70",17.9,June,14.9,21.7,9.07,28.24,36.69,51,34.63,66,27.38,324.75,215.63,143.13,228.88
06/27/2019,949,950.75,941.5,945.75,"4,051.30","3,626.90","3,865.50","1,891.70",17.9,June,14.9,21.7,9.07,28.24,36.69,51,34.63,66,27.38,324.75,215.63,143.13,228.88
06/28/2019,945.5,961.5,945.25,955,"4,051.30","3,626.90","3,865.50","1,891.70",17.9,June,14.9,21.7,9.07,28.24,36.69,51,34.63,66,27.38,324.75,215.63,143.13,228.88