,date,openPrice,highPrice,lowPrice,closePrice,totalSoybeanMealSupply,totalSoybeanMealDemand,soybeanOilSupply,soybeanOilDemand,sunflowerSeedPrice,Month,canolaPrice,peanutsPrice,flaxseedPrice,soybeanOilPrice,cottonseedOilPrice,sunflowerseedOilPrice,canolaOilPrice,peanutOilPrice,cornOilPrice,soybeanMealPrice,cottonseedmealPrice,sunflowerseedMealPrice,linseedMealPrice
0,11/14/2017,994.0,994.0,994.0,994.0,4526.6,4137.5,3625.3,1934.7,16.6,November,17.2,22.7,9.21,33.43,37.0,55.5,39.69,65.0,34.46,313.52,228.75,165.0,205.0
1,11/15/2017,1000.25,1000.25,1000.25,1000.25,4526.6,4137.5,3625.3,1934.7,16.6,November,17.2,22.7,9.21,33.43,37.0,55.5,39.69,65.0,34.46,313.52,228.75,165.0,205.0
2,11/16/2017,998.5,998.5,998.5,998.5,4526.6,4137.5,3625.3,1934.7,16.6,November,17.2,22.7,9.21,33.43,37.0,55.5,39.69,65.0,34.46,313.52,228.75,165.0,205.0
3,11/17/2017,1011.75,1011.75,1011.75,1011.75,4526.6,4137.5,3625.3,1934.7,16.6,November,17.2,22.7,9.21,33.43,37.0,55.5,39.69,65.0,34.46,313.52,228.75,165.0,205.0
4,11/20/2017,1013.75,1013.75,1013.75,1013.75,4526.6,4137.5,3625.3,1934.7,16.6,November,17.2,22.7,9.21,33.43,37.0,55.5,39.69,65.0,34.46,313.52,228.75,165.0,205.0
5,11/21/2017,1013.5,1013.5,1013.5,1013.5,4526.6,4137.5,3625.3,1934.7,16.6,November,17.2,22.7,9.21,33.43,37.0,55.5,39.69,65.0,34.46,313.52,228.75,165.0,205.0
6,11/22/2017,1018.25,1018.25,1018.25,1018.25,4526.6,4137.5,3625.3,1934.7,16.6,November,17.2,22.7,9.21,33.43,37.0,55.5,39.69,65.0,34.46,313.52,228.75,165.0,205.0
7,11/24/2017,1016.0,1016.0,1016.0,1016.0,4526.6,4137.5,3625.3,1934.7,16.6,November,17.2,22.7,9.21,33.43,37.0,55.5,39.69,65.0,34.46,313.52,228.75,165.0,205.0
8,11/27/2017,1017.0,1017.0,1017.0,1017.0,4526.6,4137.5,3625.3,1934.7,16.6,November,17.2,22.7,9.21,33.43,37.0,55.5,39.69,65.0,34.46,313.52,228.75,165.0,205.0
9,11/28/2017,1017.0,1017.0,1017.0,1017.0,4526.6,4137.5,3625.3,1934.7,16.6,November,17.2,22.7,9.21,33.43,37.0,55.5,39.69,65.0,34.46,313.52,228.75,165.0,205.0
10,11/29/2017,1015.75,1015.75,1015.75,1015.75,4526.6,4137.5,3625.3,1934.7,16.6,November,17.2,22.7,9.21,33.43,37.0,55.5,39.69,65.0,34.46,313.52,228.75,165.0,205.0
11,11/30/2017,1013.25,1013.25,1013.25,1013.25,4526.6,4137.5,3625.3,1934.7,16.6,November,17.2,22.7,9.21,33.43,37.0,55.5,39.69,65.0,34.46,313.52,228.75,165.0,205.0
12,12/01/2017,1019.75,1019.75,1019.75,1019.75,4594.2,4039.3,3737.0,1786.4,17.0,December,16.7,23.0,9.34,32.27,34.25,54.8,38.65,65.2,33.96,319.22,232.5,185.0,209.17
13,12/04/2017,1025.0,1025.0,1020.0,1020.0,4594.2,4039.3,3737.0,1786.4,17.0,December,16.7,23.0,9.34,32.27,34.25,54.8,38.65,65.2,33.96,319.22,232.5,185.0,209.17
14,12/05/2017,1024.75,1024.75,1024.75,1024.75,4594.2,4039.3,3737.0,1786.4,17.0,December,16.7,23.0,9.34,32.27,34.25,54.8,38.65,65.2,33.96,319.22,232.5,185.0,209.17
15,12/06/2017,1021.0,1021.0,1021.0,1021.0,4594.2,4039.3,3737.0,1786.4,17.0,December,16.7,23.0,9.34,32.27,34.25,54.8,38.65,65.2,33.96,319.22,232.5,185.0,209.17
16,12/07/2017,1011.75,1011.75,1011.75,1011.75,4594.2,4039.3,3737.0,1786.4,17.0,December,16.7,23.0,9.34,32.27,34.25,54.8,38.65,65.2,33.96,319.22,232.5,185.0,209.17
17,12/08/2017,1010.5,1010.5,1010.5,1010.5,4594.2,4039.3,3737.0,1786.4,17.0,December,16.7,23.0,9.34,32.27,34.25,54.8,38.65,65.2,33.96,319.22,232.5,185.0,209.17
18,12/11/2017,1006.5,1006.5,1006.5,1006.5,4594.2,4039.3,3737.0,1786.4,17.0,December,16.7,23.0,9.34,32.27,34.25,54.8,38.65,65.2,33.96,319.22,232.5,185.0,209.17
19,12/12/2017,1002.0,1002.0,1002.0,1002.0,4594.2,4039.3,3737.0,1786.4,17.0,December,16.7,23.0,9.34,32.27,34.25,54.8,38.65,65.2,33.96,319.22,232.5,185.0,209.17
20,12/13/2017,1004.75,1004.75,1004.75,1004.75,4594.2,4039.3,3737.0,1786.4,17.0,December,16.7,23.0,9.34,32.27,34.25,54.8,38.65,65.2,33.96,319.22,232.5,185.0,209.17
21,12/14/2017,999.75,999.75,999.75,999.75,4594.2,4039.3,3737.0,1786.4,17.0,December,16.7,23.0,9.34,32.27,34.25,54.8,38.65,65.2,33.96,319.22,232.5,185.0,209.17
22,12/15/2017,1000.0,1000.5,999.0,1000.5,4594.2,4039.3,3737.0,1786.4,17.0,December,16.7,23.0,9.34,32.27,34.25,54.8,38.65,65.2,33.96,319.22,232.5,185.0,209.17
23,12/18/2017,998.0,998.0,996.5,996.5,4594.2,4039.3,3737.0,1786.4,17.0,December,16.7,23.0,9.34,32.27,34.25,54.8,38.65,65.2,33.96,319.22,232.5,185.0,209.17
24,12/19/2017,995.0,995.0,991.75,991.75,4594.2,4039.3,3737.0,1786.4,17.0,December,16.7,23.0,9.34,32.27,34.25,54.8,38.65,65.2,33.96,319.22,232.5,185.0,209.17
25,12/20/2017,991.75,991.75,991.75,991.75,4594.2,4039.3,3737.0,1786.4,17.0,December,16.7,23.0,9.34,32.27,34.25,54.8,38.65,65.2,33.96,319.22,232.5,185.0,209.17
26,12/21/2017,991.75,991.75,991.75,991.75,4594.2,4039.3,3737.0,1786.4,17.0,December,16.7,23.0,9.34,32.27,34.25,54.8,38.65,65.2,33.96,319.22,232.5,185.0,209.17
27,12/22/2017,992.0,992.0,992.0,992.0,4594.2,4039.3,3737.0,1786.4,17.0,December,16.7,23.0,9.34,32.27,34.25,54.8,38.65,65.2,33.96,319.22,232.5,185.0,209.17
28,12/26/2017,1000.0,1000.0,1000.0,1000.0,4594.2,4039.3,3737.0,1786.4,17.0,December,16.7,23.0,9.34,32.27,34.25,54.8,38.65,65.2,33.96,319.22,232.5,185.0,209.17
29,12/27/2017,999.5,999.5,999.5,999.5,4594.2,4039.3,3737.0,1786.4,17.0,December,16.7,23.0,9.34,32.27,34.25,54.8,38.65,65.2,33.96,319.22,232.5,185.0,209.17
30,12/28/2017,995.0,995.0,995.0,995.0,4594.2,4039.3,3737.0,1786.4,17.0,December,16.7,23.0,9.34,32.27,34.25,54.8,38.65,65.2,33.96,319.22,232.5,185.0,209.17
31,12/29/2017,996.5,996.5,996.5,996.5,4594.2,4039.3,3737.0,1786.4,17.0,December,16.7,23.0,9.34,32.27,34.25,54.8,38.65,65.2,33.96,319.22,232.5,185.0,209.17
32,01/02/2018,1001.5,1001.5,1001.5,1001.5,4730.6,4320.6,3968.4,1728.6,17.6,January,17.7,22.9,9.39,31.61,32.75,55.5,38.31,66.13,30.68,322.6,259.0,178.0,215.5
33,01/03/2018,1002.25,1002.25,1002.25,1002.25,4730.6,4320.6,3968.4,1728.6,17.6,January,17.7,22.9,9.39,31.61,32.75,55.5,38.31,66.13,30.68,322.6,259.0,178.0,215.5
34,01/04/2018,1001.5,1001.5,1001.5,1001.5,4730.6,4320.6,3968.4,1728.6,17.6,January,17.7,22.9,9.39,31.61,32.75,55.5,38.31,66.13,30.68,322.6,259.0,178.0,215.5
35,01/05/2018,1003.25,1003.25,1003.25,1003.25,4730.6,4320.6,3968.4,1728.6,17.6,January,17.7,22.9,9.39,31.61,32.75,55.5,38.31,66.13,30.68,322.6,259.0,178.0,215.5
36,01/08/2018,1002.0,1002.0,1002.0,1002.0,4730.6,4320.6,3968.4,1728.6,17.6,January,17.7,22.9,9.39,31.61,32.75,55.5,38.31,66.13,30.68,322.6,259.0,178.0,215.5
37,01/09/2018,1001.0,1001.0,1001.0,1001.0,4730.6,4320.6,3968.4,1728.6,17.6,January,17.7,22.9,9.39,31.61,32.75,55.5,38.31,66.13,30.68,322.6,259.0,178.0,215.5
38,01/10/2018,994.25,994.25,994.25,994.25,4730.6,4320.6,3968.4,1728.6,17.6,January,17.7,22.9,9.39,31.61,32.75,55.5,38.31,66.13,30.68,322.6,259.0,178.0,215.5
39,01/11/2018,992.5,992.5,992.5,992.5,4730.6,4320.6,3968.4,1728.6,17.6,January,17.7,22.9,9.39,31.61,32.75,55.5,38.31,66.13,30.68,322.6,259.0,178.0,215.5
40,01/12/2018,1004.25,1004.25,1004.25,1004.25,4730.6,4320.6,3968.4,1728.6,17.6,January,17.7,22.9,9.39,31.61,32.75,55.5,38.31,66.13,30.68,322.6,259.0,178.0,215.5
41,01/16/2018,1007.0,1007.0,1007.0,1007.0,4730.6,4320.6,3968.4,1728.6,17.6,January,17.7,22.9,9.39,31.61,32.75,55.5,38.31,66.13,30.68,322.6,259.0,178.0,215.5
42,01/17/2018,1007.0,1007.0,1007.0,1007.0,4730.6,4320.6,3968.4,1728.6,17.6,January,17.7,22.9,9.39,31.61,32.75,55.5,38.31,66.13,30.68,322.6,259.0,178.0,215.5
43,01/18/2018,1011.0,1011.0,1011.0,1011.0,4730.6,4320.6,3968.4,1728.6,17.6,January,17.7,22.9,9.39,31.61,32.75,55.5,38.31,66.13,30.68,322.6,259.0,178.0,215.5
44,01/19/2018,1010.75,1010.75,1010.75,1010.75,4730.6,4320.6,3968.4,1728.6,17.6,January,17.7,22.9,9.39,31.61,32.75,55.5,38.31,66.13,30.68,322.6,259.0,178.0,215.5
45,01/22/2018,1013.5,1013.5,1013.5,1013.5,4730.6,4320.6,3968.4,1728.6,17.6,January,17.7,22.9,9.39,31.61,32.75,55.5,38.31,66.13,30.68,322.6,259.0,178.0,215.5
46,01/23/2018,1013.25,1013.25,1013.0,1013.25,4730.6,4320.6,3968.4,1728.6,17.6,January,17.7,22.9,9.39,31.61,32.75,55.5,38.31,66.13,30.68,322.6,259.0,178.0,215.5
47,01/24/2018,1015.75,1015.75,1015.75,1015.75,4730.6,4320.6,3968.4,1728.6,17.6,January,17.7,22.9,9.39,31.61,32.75,55.5,38.31,66.13,30.68,322.6,259.0,178.0,215.5
48,01/25/2018,1016.75,1016.75,1016.75,1016.75,4730.6,4320.6,3968.4,1728.6,17.6,January,17.7,22.9,9.39,31.61,32.75,55.5,38.31,66.13,30.68,322.6,259.0,178.0,215.5
49,01/26/2018,1013.5,1013.5,1013.5,1013.5,4730.6,4320.6,3968.4,1728.6,17.6,January,17.7,22.9,9.39,31.61,32.75,55.5,38.31,66.13,30.68,322.6,259.0,178.0,215.5
50,01/29/2018,1015.75,1015.75,1015.75,1015.75,4730.6,4320.6,3968.4,1728.6,17.6,January,17.7,22.9,9.39,31.61,32.75,55.5,38.31,66.13,30.68,322.6,259.0,178.0,215.5
51,01/30/2018,1018.75,1018.75,1018.75,1018.75,4730.6,4320.6,3968.4,1728.6,17.6,January,17.7,22.9,9.39,31.61,32.75,55.5,38.31,66.13,30.68,322.6,259.0,178.0,215.5
52,01/31/2018,1016.25,1016.25,1016.25,1016.25,4730.6,4320.6,3968.4,1728.6,17.6,January,17.7,22.9,9.39,31.61,32.75,55.5,38.31,66.13,30.68,322.6,259.0,178.0,215.5
53,02/01/2018,1011.75,1011.75,1011.75,1011.75,4357.7,3901.9,4170.6,1745.3,17.7,February,18.3,22.7,9.81,30.63,31.44,55.0,37.44,66.63,29.72,362.85,303.13,185.63,233.13
54,02/02/2018,1006.0,1006.0,1006.0,1006.0,4357.7,3901.9,4170.6,1745.3,17.7,February,18.3,22.7,9.81,30.63,31.44,55.0,37.44,66.63,29.72,362.85,303.13,185.63,233.13
55,02/05/2018,1000.75,1000.75,1000.75,1000.75,4357.7,3901.9,4170.6,1745.3,17.7,February,18.3,22.7,9.81,30.63,31.44,55.0,37.44,66.63,29.72,362.85,303.13,185.63,233.13
56,02/06/2018,1012.0,1012.0,1012.0,1012.0,4357.7,3901.9,4170.6,1745.3,17.7,February,18.3,22.7,9.81,30.63,31.44,55.0,37.44,66.63,29.72,362.85,303.13,185.63,233.13
57,02/07/2018,1008.25,1008.25,1008.25,1008.25,4357.7,3901.9,4170.6,1745.3,17.7,February,18.3,22.7,9.81,30.63,31.44,55.0,37.44,66.63,29.72,362.85,303.13,185.63,233.13
58,02/08/2018,1011.75,1011.75,1011.75,1011.75,4357.7,3901.9,4170.6,1745.3,17.7,February,18.3,22.7,9.81,30.63,31.44,55.0,37.44,66.63,29.72,362.85,303.13,185.63,233.13
59,02/09/2018,1007.5,1007.5,1007.5,1007.5,4357.7,3901.9,4170.6,1745.3,17.7,February,18.3,22.7,9.81,30.63,31.44,55.0,37.44,66.63,29.72,362.85,303.13,185.63,233.13
60,02/12/2018,1014.25,1014.25,1014.25,1014.25,4357.7,3901.9,4170.6,1745.3,17.7,February,18.3,22.7,9.81,30.63,31.44,55.0,37.44,66.63,29.72,362.85,303.13,185.63,233.13
61,02/13/2018,1014.25,1014.25,1014.25,1014.25,4357.7,3901.9,4170.6,1745.3,17.7,February,18.3,22.7,9.81,30.63,31.44,55.0,37.44,66.63,29.72,362.85,303.13,185.63,233.13
62,02/14/2018,1010.75,1010.75,1010.75,1010.75,4357.7,3901.9,4170.6,1745.3,17.7,February,18.3,22.7,9.81,30.63,31.44,55.0,37.44,66.63,29.72,362.85,303.13,185.63,233.13
63,02/15/2018,1015.0,1015.0,1015.0,1015.0,4357.7,3901.9,4170.6,1745.3,17.7,February,18.3,22.7,9.81,30.63,31.44,55.0,37.44,66.63,29.72,362.85,303.13,185.63,233.13
64,02/16/2018,1014.5,1014.5,1014.5,1014.5,4357.7,3901.9,4170.6,1745.3,17.7,February,18.3,22.7,9.81,30.63,31.44,55.0,37.44,66.63,29.72,362.85,303.13,185.63,233.13
65,02/20/2018,1016.5,1016.5,1016.5,1016.5,4357.7,3901.9,4170.6,1745.3,17.7,February,18.3,22.7,9.81,30.63,31.44,55.0,37.44,66.63,29.72,362.85,303.13,185.63,233.13
66,02/21/2018,1016.0,1016.0,1016.0,1016.0,4357.7,3901.9,4170.6,1745.3,17.7,February,18.3,22.7,9.81,30.63,31.44,55.0,37.44,66.63,29.72,362.85,303.13,185.63,233.13
67,02/22/2018,1015.25,1015.25,1015.25,1015.25,4357.7,3901.9,4170.6,1745.3,17.7,February,18.3,22.7,9.81,30.63,31.44,55.0,37.44,66.63,29.72,362.85,303.13,185.63,233.13
68,02/23/2018,1017.75,1017.75,1017.75,1017.75,4357.7,3901.9,4170.6,1745.3,17.7,February,18.3,22.7,9.81,30.63,31.44,55.0,37.44,66.63,29.72,362.85,303.13,185.63,233.13
69,02/26/2018,1018.0,1018.0,1018.0,1018.0,4357.7,3901.9,4170.6,1745.3,17.7,February,18.3,22.7,9.81,30.63,31.44,55.0,37.44,66.63,29.72,362.85,303.13,185.63,233.13
70,02/27/2018,1017.0,1017.0,1017.0,1017.0,4357.7,3901.9,4170.6,1745.3,17.7,February,18.3,22.7,9.81,30.63,31.44,55.0,37.44,66.63,29.72,362.85,303.13,185.63,233.13
71,02/28/2018,1015.75,1015.75,1015.75,1015.75,4357.7,3901.9,4170.6,1745.3,17.7,February,18.3,22.7,9.81,30.63,31.44,55.0,37.44,66.63,29.72,362.85,303.13,185.63,233.13
72,03/01/2018,1014.0,1014.0,1014.0,1014.0,4816.9,4272.7,4525.6,2081.2,17.3,March,18.2,24.4,9.76,30.28,31.35,54.0,37.1,67.0,29.66,379.85,323.13,187.5,237.5
73,03/02/2018,1010.75,1010.75,1010.75,1010.75,4816.9,4272.7,4525.6,2081.2,17.3,March,18.2,24.4,9.76,30.28,31.35,54.0,37.1,67.0,29.66,379.85,323.13,187.5,237.5
74,03/05/2018,1014.75,1014.75,1014.75,1014.75,4816.9,4272.7,4525.6,2081.2,17.3,March,18.2,24.4,9.76,30.28,31.35,54.0,37.1,67.0,29.66,379.85,323.13,187.5,237.5
75,03/06/2018,1022.25,1022.25,1022.25,1022.25,4816.9,4272.7,4525.6,2081.2,17.3,March,18.2,24.4,9.76,30.28,31.35,54.0,37.1,67.0,29.66,379.85,323.13,187.5,237.5
76,03/07/2018,1022.5,1022.5,1022.5,1022.5,4816.9,4272.7,4525.6,2081.2,17.3,March,18.2,24.4,9.76,30.28,31.35,54.0,37.1,67.0,29.66,379.85,323.13,187.5,237.5
77,03/08/2018,1022.5,1022.5,1022.5,1022.5,4816.9,4272.7,4525.6,2081.2,17.3,March,18.2,24.4,9.76,30.28,31.35,54.0,37.1,67.0,29.66,379.85,323.13,187.5,237.5
78,03/09/2018,1011.75,1011.75,1011.75,1011.75,4816.9,4272.7,4525.6,2081.2,17.3,March,18.2,24.4,9.76,30.28,31.35,54.0,37.1,67.0,29.66,379.85,323.13,187.5,237.5
79,03/12/2018,1019.0,1019.0,1019.0,1019.0,4816.9,4272.7,4525.6,2081.2,17.3,March,18.2,24.4,9.76,30.28,31.35,54.0,37.1,67.0,29.66,379.85,323.13,187.5,237.5
80,03/13/2018,1024.25,1024.25,1024.25,1024.25,4816.9,4272.7,4525.6,2081.2,17.3,March,18.2,24.4,9.76,30.28,31.35,54.0,37.1,67.0,29.66,379.85,323.13,187.5,237.5
81,03/14/2018,1013.0,1013.0,1013.0,1013.0,4816.9,4272.7,4525.6,2081.2,17.3,March,18.2,24.4,9.76,30.28,31.35,54.0,37.1,67.0,29.66,379.85,323.13,187.5,237.5
82,03/15/2018,1014.75,1014.75,1014.75,1014.75,4816.9,4272.7,4525.6,2081.2,17.3,March,18.2,24.4,9.76,30.28,31.35,54.0,37.1,67.0,29.66,379.85,323.13,187.5,237.5
83,03/16/2018,1020.0,1020.0,1020.0,1020.0,4816.9,4272.7,4525.6,2081.2,17.3,March,18.2,24.4,9.76,30.28,31.35,54.0,37.1,67.0,29.66,379.85,323.13,187.5,237.5
84,03/19/2018,1012.25,1012.25,1012.25,1012.25,4816.9,4272.7,4525.6,2081.2,17.3,March,18.2,24.4,9.76,30.28,31.35,54.0,37.1,67.0,29.66,379.85,323.13,187.5,237.5
85,03/20/2018,1014.0,1014.0,1014.0,1014.0,4816.9,4272.7,4525.6,2081.2,17.3,March,18.2,24.4,9.76,30.28,31.35,54.0,37.1,67.0,29.66,379.85,323.13,187.5,237.5
86,03/21/2018,1013.0,1013.0,1013.0,1013.0,4816.9,4272.7,4525.6,2081.2,17.3,March,18.2,24.4,9.76,30.28,31.35,54.0,37.1,67.0,29.66,379.85,323.13,187.5,237.5
87,03/22/2018,1012.75,1012.75,1012.75,1012.75,4816.9,4272.7,4525.6,2081.2,17.3,March,18.2,24.4,9.76,30.28,31.35,54.0,37.1,67.0,29.66,379.85,323.13,187.5,237.5
88,03/23/2018,1011.75,1011.75,1011.75,1011.75,4816.9,4272.7,4525.6,2081.2,17.3,March,18.2,24.4,9.76,30.28,31.35,54.0,37.1,67.0,29.66,379.85,323.13,187.5,237.5
89,03/26/2018,1011.25,1011.25,1011.25,1011.25,4816.9,4272.7,4525.6,2081.2,17.3,March,18.2,24.4,9.76,30.28,31.35,54.0,37.1,67.0,29.66,379.85,323.13,187.5,237.5
90,03/27/2018,1006.75,1006.75,1006.75,1006.75,4816.9,4272.7,4525.6,2081.2,17.3,March,18.2,24.4,9.76,30.28,31.35,54.0,37.1,67.0,29.66,379.85,323.13,187.5,237.5
91,03/28/2018,1003.25,1003.25,1003.25,1003.25,4816.9,4272.7,4525.6,2081.2,17.3,March,18.2,24.4,9.76,30.28,31.35,54.0,37.1,67.0,29.66,379.85,323.13,187.5,237.5
92,03/29/2018,1017.5,1017.5,1017.5,1017.5,4816.9,4272.7,4525.6,2081.2,17.3,March,18.2,24.4,9.76,30.28,31.35,54.0,37.1,67.0,29.66,379.85,323.13,187.5,237.5
93,04/02/2018,1006.25,1006.25,1006.25,1006.25,4662.0,4209.9,4438.1,1749.3,18.0,April,17.5,23.3,9.92,29.7,31.19,54.0,37.31,66.88,29.5,385.84,263.13,191.88,238.13
94,04/03/2018,1006.25,1006.25,1006.25,1006.25,4662.0,4209.9,4438.1,1749.3,18.0,April,17.5,23.3,9.92,29.7,31.19,54.0,37.31,66.88,29.5,385.84,263.13,191.88,238.13
95,04/04/2018,994.0,994.0,994.0,994.0,4662.0,4209.9,4438.1,1749.3,18.0,April,17.5,23.3,9.92,29.7,31.19,54.0,37.31,66.88,29.5,385.84,263.13,191.88,238.13
96,04/05/2018,1000.5,1000.5,1000.5,1000.5,4662.0,4209.9,4438.1,1749.3,18.0,April,17.5,23.3,9.92,29.7,31.19,54.0,37.31,66.88,29.5,385.84,263.13,191.88,238.13
97,04/06/2018,1000.0,1000.0,1000.0,1000.0,4662.0,4209.9,4438.1,1749.3,18.0,April,17.5,23.3,9.92,29.7,31.19,54.0,37.31,66.88,29.5,385.84,263.13,191.88,238.13
98,04/09/2018,1006.0,1006.0,1006.0,1006.0,4662.0,4209.9,4438.1,1749.3,18.0,April,17.5,23.3,9.92,29.7,31.19,54.0,37.31,66.88,29.5,385.84,263.13,191.88,238.13
99,04/10/2018,1011.25,1011.25,1011.25,1011.25,4662.0,4209.9,4438.1,1749.3,18.0,April,17.5,23.3,9.92,29.7,31.19,54.0,37.31,66.88,29.5,385.84,263.13,191.88,238.13
100,04/11/2018,1010.75,1010.75,1010.75,1010.75,4662.0,4209.9,4438.1,1749.3,18.0,April,17.5,23.3,9.92,29.7,31.19,54.0,37.31,66.88,29.5,385.84,263.13,191.88,238.13
101,04/12/2018,1008.25,1008.25,1008.25,1008.25,4662.0,4209.9,4438.1,1749.3,18.0,April,17.5,23.3,9.92,29.7,31.19,54.0,37.31,66.88,29.5,385.84,263.13,191.88,238.13
102,04/13/2018,1006.25,1006.25,1006.25,1006.25,4662.0,4209.9,4438.1,1749.3,18.0,April,17.5,23.3,9.92,29.7,31.19,54.0,37.31,66.88,29.5,385.84,263.13,191.88,238.13
103,04/16/2018,1003.75,1003.75,1003.75,1003.75,4662.0,4209.9,4438.1,1749.3,18.0,April,17.5,23.3,9.92,29.7,31.19,54.0,37.31,66.88,29.5,385.84,263.13,191.88,238.13
104,04/17/2018,1006.0,1006.0,1006.0,1006.0,4662.0,4209.9,4438.1,1749.3,18.0,April,17.5,23.3,9.92,29.7,31.19,54.0,37.31,66.88,29.5,385.84,263.13,191.88,238.13
105,04/18/2018,1007.75,1007.75,1007.75,1007.75,4662.0,4209.9,4438.1,1749.3,18.0,April,17.5,23.3,9.92,29.7,31.19,54.0,37.31,66.88,29.5,385.84,263.13,191.88,238.13
106,04/19/2018,1007.75,1007.75,1007.75,1007.75,4662.0,4209.9,4438.1,1749.3,18.0,April,17.5,23.3,9.92,29.7,31.19,54.0,37.31,66.88,29.5,385.84,263.13,191.88,238.13
107,04/20/2018,1002.75,1002.75,1002.75,1002.75,4662.0,4209.9,4438.1,1749.3,18.0,April,17.5,23.3,9.92,29.7,31.19,54.0,37.31,66.88,29.5,385.84,263.13,191.88,238.13
108,04/23/2018,1001.0,1001.0,1001.0,1001.0,4662.0,4209.9,4438.1,1749.3,18.0,April,17.5,23.3,9.92,29.7,31.19,54.0,37.31,66.88,29.5,385.84,263.13,191.88,238.13
109,04/24/2018,996.0,996.0,996.0,996.0,4662.0,4209.9,4438.1,1749.3,18.0,April,17.5,23.3,9.92,29.7,31.19,54.0,37.31,66.88,29.5,385.84,263.13,191.88,238.13
110,04/25/2018,992.25,998.0,992.25,998.0,4662.0,4209.9,4438.1,1749.3,18.0,April,17.5,23.3,9.92,29.7,31.19,54.0,37.31,66.88,29.5,385.84,263.13,191.88,238.13
111,04/26/2018,997.0,997.0,997.0,997.0,4662.0,4209.9,4438.1,1749.3,18.0,April,17.5,23.3,9.92,29.7,31.19,54.0,37.31,66.88,29.5,385.84,263.13,191.88,238.13
112,04/27/2018,1005.75,1005.75,1005.75,1005.75,4662.0,4209.9,4438.1,1749.3,18.0,April,17.5,23.3,9.92,29.7,31.19,54.0,37.31,66.88,29.5,385.84,263.13,191.88,238.13
113,04/30/2018,1005.75,1005.75,1005.75,1005.75,4662.0,4209.9,4438.1,1749.3,18.0,April,17.5,23.3,9.92,29.7,31.19,54.0,37.31,66.88,29.5,385.84,263.13,191.88,238.13
114,05/01/2018,1012.5,1012.5,1012.5,1012.5,4602.0,4168.8,4689.4,2315.3,17.9,May,18.5,22.7,10.1,29.4,31.25,54.0,38.25,66.5,29.65,393.55,262.5,201.5,267.5
115,05/02/2018,1004.75,1004.75,1004.75,1004.75,4602.0,4168.8,4689.4,2315.3,17.9,May,18.5,22.7,10.1,29.4,31.25,54.0,38.25,66.5,29.65,393.55,262.5,201.5,267.5
116,05/03/2018,1005.0,1005.0,1005.0,1005.0,4602.0,4168.8,4689.4,2315.3,17.9,May,18.5,22.7,10.1,29.4,31.25,54.0,38.25,66.5,29.65,393.55,262.5,201.5,267.5
117,05/04/2018,1002.0,1002.0,1002.0,1002.0,4602.0,4168.8,4689.4,2315.3,17.9,May,18.5,22.7,10.1,29.4,31.25,54.0,38.25,66.5,29.65,393.55,262.5,201.5,267.5
118,05/07/2018,989.25,989.25,989.25,989.25,4602.0,4168.8,4689.4,2315.3,17.9,May,18.5,22.7,10.1,29.4,31.25,54.0,38.25,66.5,29.65,393.55,262.5,201.5,267.5
119,05/08/2018,991.25,991.25,991.25,991.25,4602.0,4168.8,4689.4,2315.3,17.9,May,18.5,22.7,10.1,29.4,31.25,54.0,38.25,66.5,29.65,393.55,262.5,201.5,267.5
120,05/09/2018,988.0,988.0,988.0,988.0,4602.0,4168.8,4689.4,2315.3,17.9,May,18.5,22.7,10.1,29.4,31.25,54.0,38.25,66.5,29.65,393.55,262.5,201.5,267.5
121,05/10/2018,992.75,992.75,992.75,992.75,4602.0,4168.8,4689.4,2315.3,17.9,May,18.5,22.7,10.1,29.4,31.25,54.0,38.25,66.5,29.65,393.55,262.5,201.5,267.5
122,05/11/2018,989.75,989.75,989.75,989.75,4602.0,4168.8,4689.4,2315.3,17.9,May,18.5,22.7,10.1,29.4,31.25,54.0,38.25,66.5,29.65,393.55,262.5,201.5,267.5
123,05/14/2018,990.5,990.5,990.5,990.5,4602.0,4168.8,4689.4,2315.3,17.9,May,18.5,22.7,10.1,29.4,31.25,54.0,38.25,66.5,29.65,393.55,262.5,201.5,267.5
124,05/15/2018,990.5,990.5,990.5,990.5,4602.0,4168.8,4689.4,2315.3,17.9,May,18.5,22.7,10.1,29.4,31.25,54.0,38.25,66.5,29.65,393.55,262.5,201.5,267.5
125,05/16/2018,990.0,990.0,990.0,990.0,4602.0,4168.8,4689.4,2315.3,17.9,May,18.5,22.7,10.1,29.4,31.25,54.0,38.25,66.5,29.65,393.55,262.5,201.5,267.5
126,05/17/2018,989.75,989.75,989.75,989.75,4602.0,4168.8,4689.4,2315.3,17.9,May,18.5,22.7,10.1,29.4,31.25,54.0,38.25,66.5,29.65,393.55,262.5,201.5,267.5
127,05/18/2018,988.0,988.25,988.0,988.25,4602.0,4168.8,4689.4,2315.3,17.9,May,18.5,22.7,10.1,29.4,31.25,54.0,38.25,66.5,29.65,393.55,262.5,201.5,267.5
128,05/21/2018,1004.5,1004.5,1004.5,1004.5,4602.0,4168.8,4689.4,2315.3,17.9,May,18.5,22.7,10.1,29.4,31.25,54.0,38.25,66.5,29.65,393.55,262.5,201.5,267.5
129,05/22/2018,1006.25,1006.25,1006.25,1006.25,4602.0,4168.8,4689.4,2315.3,17.9,May,18.5,22.7,10.1,29.4,31.25,54.0,38.25,66.5,29.65,393.55,262.5,201.5,267.5
130,05/23/2018,1014.0,1014.0,1014.0,1014.0,4602.0,4168.8,4689.4,2315.3,17.9,May,18.5,22.7,10.1,29.4,31.25,54.0,38.25,66.5,29.65,393.55,262.5,201.5,267.5
131,05/24/2018,1012.25,1012.25,1012.25,1012.25,4602.0,4168.8,4689.4,2315.3,17.9,May,18.5,22.7,10.1,29.4,31.25,54.0,38.25,66.5,29.65,393.55,262.5,201.5,267.5
132,05/25/2018,1014.0,1014.0,1014.0,1014.0,4602.0,4168.8,4689.4,2315.3,17.9,May,18.5,22.7,10.1,29.4,31.25,54.0,38.25,66.5,29.65,393.55,262.5,201.5,267.5
133,05/29/2018,1005.75,1005.75,1005.75,1005.75,4602.0,4168.8,4689.4,2315.3,17.9,May,18.5,22.7,10.1,29.4,31.25,54.0,38.25,66.5,29.65,393.55,262.5,201.5,267.5
134,05/30/2018,1007.5,1007.5,1007.5,1007.5,4602.0,4168.8,4689.4,2315.3,17.9,May,18.5,22.7,10.1,29.4,31.25,54.0,38.25,66.5,29.65,393.55,262.5,201.5,267.5
135,05/31/2018,1008.5,1008.5,1008.5,1008.5,4602.0,4168.8,4689.4,2315.3,17.9,May,18.5,22.7,10.1,29.4,31.25,54.0,38.25,66.5,29.65,393.55,262.5,201.5,267.5
136,06/01/2018,1014.0,1014.0,1014.0,1014.0,4506.9,4108.4,4342.7,2037.9,17.7,June,17.2,22.7,9.98,28.3,29.9,54.0,37.75,67.7,29.54,355.71,257.5,175.63,271.25
137,06/04/2018,1002.25,1002.25,1002.25,1002.25,4506.9,4108.4,4342.7,2037.9,17.7,June,17.2,22.7,9.98,28.3,29.9,54.0,37.75,67.7,29.54,355.71,257.5,175.63,271.25
138,06/05/2018,1006.25,1006.25,1006.25,1006.25,4506.9,4108.4,4342.7,2037.9,17.7,June,17.2,22.7,9.98,28.3,29.9,54.0,37.75,67.7,29.54,355.71,257.5,175.63,271.25
139,06/06/2018,1004.0,1004.0,1004.0,1004.0,4506.9,4108.4,4342.7,2037.9,17.7,June,17.2,22.7,9.98,28.3,29.9,54.0,37.75,67.7,29.54,355.71,257.5,175.63,271.25
140,06/07/2018,997.5,997.5,997.5,997.5,4506.9,4108.4,4342.7,2037.9,17.7,June,17.2,22.7,9.98,28.3,29.9,54.0,37.75,67.7,29.54,355.71,257.5,175.63,271.25
141,06/08/2018,990.5,990.5,990.5,990.5,4506.9,4108.4,4342.7,2037.9,17.7,June,17.2,22.7,9.98,28.3,29.9,54.0,37.75,67.7,29.54,355.71,257.5,175.63,271.25
142,06/11/2018,988.0,988.0,985.0,985.0,4506.9,4108.4,4342.7,2037.9,17.7,June,17.2,22.7,9.98,28.3,29.9,54.0,37.75,67.7,29.54,355.71,257.5,175.63,271.25
143,06/12/2018,985.25,985.25,985.25,985.25,4506.9,4108.4,4342.7,2037.9,17.7,June,17.2,22.7,9.98,28.3,29.9,54.0,37.75,67.7,29.54,355.71,257.5,175.63,271.25
144,06/13/2018,975.75,975.75,975.75,975.75,4506.9,4108.4,4342.7,2037.9,17.7,June,17.2,22.7,9.98,28.3,29.9,54.0,37.75,67.7,29.54,355.71,257.5,175.63,271.25
145,06/14/2018,975.0,975.0,966.75,966.75,4506.9,4108.4,4342.7,2037.9,17.7,June,17.2,22.7,9.98,28.3,29.9,54.0,37.75,67.7,29.54,355.71,257.5,175.63,271.25
146,06/15/2018,955.75,955.75,955.75,955.75,4506.9,4108.4,4342.7,2037.9,17.7,June,17.2,22.7,9.98,28.3,29.9,54.0,37.75,67.7,29.54,355.71,257.5,175.63,271.25
147,06/18/2018,954.5,954.5,954.5,954.5,4506.9,4108.4,4342.7,2037.9,17.7,June,17.2,22.7,9.98,28.3,29.9,54.0,37.75,67.7,29.54,355.71,257.5,175.63,271.25
148,06/19/2018,950.0,950.0,943.75,943.75,4506.9,4108.4,4342.7,2037.9,17.7,June,17.2,22.7,9.98,28.3,29.9,54.0,37.75,67.7,29.54,355.71,257.5,175.63,271.25
149,06/20/2018,946.0,946.0,946.0,946.0,4506.9,4108.4,4342.7,2037.9,17.7,June,17.2,22.7,9.98,28.3,29.9,54.0,37.75,67.7,29.54,355.71,257.5,175.63,271.25
150,06/21/2018,937.25,937.25,937.25,937.25,4506.9,4108.4,4342.7,2037.9,17.7,June,17.2,22.7,9.98,28.3,29.9,54.0,37.75,67.7,29.54,355.71,257.5,175.63,271.25
151,06/22/2018,943.0,945.75,943.0,945.75,4506.9,4108.4,4342.7,2037.9,17.7,June,17.2,22.7,9.98,28.3,29.9,54.0,37.75,67.7,29.54,355.71,257.5,175.63,271.25
152,06/25/2018,928.75,928.75,928.75,928.75,4506.9,4108.4,4342.7,2037.9,17.7,June,17.2,22.7,9.98,28.3,29.9,54.0,37.75,67.7,29.54,355.71,257.5,175.63,271.25
153,06/26/2018,924.75,924.75,924.75,924.75,4506.9,4108.4,4342.7,2037.9,17.7,June,17.2,22.7,9.98,28.3,29.9,54.0,37.75,67.7,29.54,355.71,257.5,175.63,271.25
154,06/27/2018,926.25,926.25,926.25,926.25,4506.9,4108.4,4342.7,2037.9,17.7,June,17.2,22.7,9.98,28.3,29.9,54.0,37.75,67.7,29.54,355.71,257.5,175.63,271.25
155,06/28/2018,922.75,922.75,922.75,922.75,4506.9,4108.4,4342.7,2037.9,17.7,June,17.2,22.7,9.98,28.3,29.9,54.0,37.75,67.7,29.54,355.71,257.5,175.63,271.25
156,06/29/2018,920.0,920.0,920.0,920.0,4506.9,4108.4,4342.7,2037.9,17.7,June,17.2,22.7,9.98,28.3,29.9,54.0,37.75,67.7,29.54,355.71,257.5,175.63,271.25
157,07/02/2018,915.75,924.5,915.75,915.75,4683.2,4170.7,4380.8,1997.2,17.4,July,17.1,22.4,9.96,27.21,28.75,54.0,38.69,68.0,28.76,341.08,253.13,155.5,278.0
158,07/03/2018,913.25,917.0,913.25,913.25,4683.2,4170.7,4380.8,1997.2,17.4,July,17.1,22.4,9.96,27.21,28.75,54.0,38.69,68.0,28.76,341.08,253.13,155.5,278.0
159,07/05/2018,905.25,914.0,905.25,905.25,4683.2,4170.7,4380.8,1997.2,17.4,July,17.1,22.4,9.96,27.21,28.75,54.0,38.69,68.0,28.76,341.08,253.13,155.5,278.0
160,07/06/2018,910.0,937.75,909.5,935.75,4683.2,4170.7,4380.8,1997.2,17.4,July,17.1,22.4,9.96,27.21,28.75,54.0,38.69,68.0,28.76,341.08,253.13,155.5,278.0
161,07/09/2018,915.0,919.75,913.75,919.75,4683.2,4170.7,4380.8,1997.2,17.4,July,17.1,22.4,9.96,27.21,28.75,54.0,38.69,68.0,28.76,341.08,253.13,155.5,278.0
162,07/10/2018,923.75,926.5,919.0,923.75,4683.2,4170.7,4380.8,1997.2,17.4,July,17.1,22.4,9.96,27.21,28.75,54.0,38.69,68.0,28.76,341.08,253.13,155.5,278.0
163,07/11/2018,915.0,918.25,909.5,910.0,4683.2,4170.7,4380.8,1997.2,17.4,July,17.1,22.4,9.96,27.21,28.75,54.0,38.69,68.0,28.76,341.08,253.13,155.5,278.0
164,07/12/2018,910.5,914.0,905.75,912.0,4683.2,4170.7,4380.8,1997.2,17.4,July,17.1,22.4,9.96,27.21,28.75,54.0,38.69,68.0,28.76,341.08,253.13,155.5,278.0
165,07/13/2018,900.0,904.5,900.0,904.5,4683.2,4170.7,4380.8,1997.2,17.4,July,17.1,22.4,9.96,27.21,28.75,54.0,38.69,68.0,28.76,341.08,253.13,155.5,278.0
166,07/16/2018,913.5,920.25,900.5,913.5,4683.2,4170.7,4380.8,1997.2,17.4,July,17.1,22.4,9.96,27.21,28.75,54.0,38.69,68.0,28.76,341.08,253.13,155.5,278.0
167,07/17/2018,917.5,922.75,917.5,917.5,4683.2,4170.7,4380.8,1997.2,17.4,July,17.1,22.4,9.96,27.21,28.75,54.0,38.69,68.0,28.76,341.08,253.13,155.5,278.0
168,07/18/2018,919.0,921.75,915.0,919.0,4683.2,4170.7,4380.8,1997.2,17.4,July,17.1,22.4,9.96,27.21,28.75,54.0,38.69,68.0,28.76,341.08,253.13,155.5,278.0
169,07/19/2018,924.25,924.25,917.0,924.25,4683.2,4170.7,4380.8,1997.2,17.4,July,17.1,22.4,9.96,27.21,28.75,54.0,38.69,68.0,28.76,341.08,253.13,155.5,278.0
170,07/20/2018,925.75,928.25,920.5,925.75,4683.2,4170.7,4380.8,1997.2,17.4,July,17.1,22.4,9.96,27.21,28.75,54.0,38.69,68.0,28.76,341.08,253.13,155.5,278.0
171,07/23/2018,925.75,930.0,925.75,925.75,4683.2,4170.7,4380.8,1997.2,17.4,July,17.1,22.4,9.96,27.21,28.75,54.0,38.69,68.0,28.76,341.08,253.13,155.5,278.0
172,07/24/2018,934.25,936.0,921.5,934.25,4683.2,4170.7,4380.8,1997.2,17.4,July,17.1,22.4,9.96,27.21,28.75,54.0,38.69,68.0,28.76,341.08,253.13,155.5,278.0
173,07/25/2018,938.5,939.25,932.25,938.5,4683.2,4170.7,4380.8,1997.2,17.4,July,17.1,22.4,9.96,27.21,28.75,54.0,38.69,68.0,28.76,341.08,253.13,155.5,278.0
174,07/26/2018,953.25,953.25,932.5,934.5,4683.2,4170.7,4380.8,1997.2,17.4,July,17.1,22.4,9.96,27.21,28.75,54.0,38.69,68.0,28.76,341.08,253.13,155.5,278.0
175,07/27/2018,941.75,943.25,941.75,941.75,4683.2,4170.7,4380.8,1997.2,17.4,July,17.1,22.4,9.96,27.21,28.75,54.0,38.69,68.0,28.76,341.08,253.13,155.5,278.0
176,07/30/2018,946.75,950.5,946.75,946.75,4683.2,4170.7,4380.8,1997.2,17.4,July,17.1,22.4,9.96,27.21,28.75,54.0,38.69,68.0,28.76,341.08,253.13,155.5,278.0
177,07/31/2018,968.0,970.5,968.0,968.0,4683.2,4170.7,4380.8,1997.2,17.4,July,17.1,22.4,9.96,27.21,28.75,54.0,38.69,68.0,28.76,341.08,253.13,155.5,278.0
178,08/01/2018,958.0,958.0,955.0,958.0,4588.9,4187.8,4352.3,2137.5,16.9,August,15.3,22.0,10.2,27.6,28.6,54.0,38.75,68.0,26.8,332.5,260.0,153.13,265.63
179,08/02/2018,956.75,956.75,948.25,956.75,4588.9,4187.8,4352.3,2137.5,16.9,August,15.3,22.0,10.2,27.6,28.6,54.0,38.75,68.0,26.8,332.5,260.0,153.13,265.63
180,08/03/2018,960.25,960.25,944.25,960.25,4588.9,4187.8,4352.3,2137.5,16.9,August,15.3,22.0,10.2,27.6,28.6,54.0,38.75,68.0,26.8,332.5,260.0,153.13,265.63
181,08/06/2018,948.5,953.0,948.0,952.5,4588.9,4187.8,4352.3,2137.5,16.9,August,15.3,22.0,10.2,27.6,28.6,54.0,38.75,68.0,26.8,332.5,260.0,153.13,265.63
182,08/07/2018,958.75,963.0,956.75,962.75,4588.9,4187.8,4352.3,2137.5,16.9,August,15.3,22.0,10.2,27.6,28.6,54.0,38.75,68.0,26.8,332.5,260.0,153.13,265.63
183,08/08/2018,969.25,970.25,969.25,969.25,4588.9,4187.8,4352.3,2137.5,16.9,August,15.3,22.0,10.2,27.6,28.6,54.0,38.75,68.0,26.8,332.5,260.0,153.13,265.63
184,08/09/2018,963.75,965.25,962.75,963.0,4588.9,4187.8,4352.3,2137.5,16.9,August,15.3,22.0,10.2,27.6,28.6,54.0,38.75,68.0,26.8,332.5,260.0,153.13,265.63
185,08/10/2018,960.25,960.25,933.0,934.0,4588.9,4187.8,4352.3,2137.5,16.9,August,15.3,22.0,10.2,27.6,28.6,54.0,38.75,68.0,26.8,332.5,260.0,153.13,265.63
186,08/13/2018,937.0,937.5,929.25,937.0,4588.9,4187.8,4352.3,2137.5,16.9,August,15.3,22.0,10.2,27.6,28.6,54.0,38.75,68.0,26.8,332.5,260.0,153.13,265.63
187,08/14/2018,934.0,944.5,934.0,944.5,4588.9,4187.8,4352.3,2137.5,16.9,August,15.3,22.0,10.2,27.6,28.6,54.0,38.75,68.0,26.8,332.5,260.0,153.13,265.63
188,08/15/2018,940.5,940.5,940.25,940.5,4588.9,4187.8,4352.3,2137.5,16.9,August,15.3,22.0,10.2,27.6,28.6,54.0,38.75,68.0,26.8,332.5,260.0,153.13,265.63
189,08/16/2018,960.25,964.5,960.25,960.25,4588.9,4187.8,4352.3,2137.5,16.9,August,15.3,22.0,10.2,27.6,28.6,54.0,38.75,68.0,26.8,332.5,260.0,153.13,265.63
190,08/17/2018,952.75,958.25,947.75,955.5,4588.9,4187.8,4352.3,2137.5,16.9,August,15.3,22.0,10.2,27.6,28.6,54.0,38.75,68.0,26.8,332.5,260.0,153.13,265.63
191,08/20/2018,955.5,955.5,955.5,955.5,4588.9,4187.8,4352.3,2137.5,16.9,August,15.3,22.0,10.2,27.6,28.6,54.0,38.75,68.0,26.8,332.5,260.0,153.13,265.63
192,08/21/2018,953.5,956.5,953.5,953.5,4588.9,4187.8,4352.3,2137.5,16.9,August,15.3,22.0,10.2,27.6,28.6,54.0,38.75,68.0,26.8,332.5,260.0,153.13,265.63
193,08/22/2018,942.75,942.75,942.75,942.75,4588.9,4187.8,4352.3,2137.5,16.9,August,15.3,22.0,10.2,27.6,28.6,54.0,38.75,68.0,26.8,332.5,260.0,153.13,265.63
194,08/23/2018,935.0,938.5,927.25,927.25,4588.9,4187.8,4352.3,2137.5,16.9,August,15.3,22.0,10.2,27.6,28.6,54.0,38.75,68.0,26.8,332.5,260.0,153.13,265.63
195,08/24/2018,930.0,930.5,928.5,928.5,4588.9,4187.8,4352.3,2137.5,16.9,August,15.3,22.0,10.2,27.6,28.6,54.0,38.75,68.0,26.8,332.5,260.0,153.13,265.63
196,08/27/2018,918.25,926.5,918.0,926.5,4588.9,4187.8,4352.3,2137.5,16.9,August,15.3,22.0,10.2,27.6,28.6,54.0,38.75,68.0,26.8,332.5,260.0,153.13,265.63
197,08/28/2018,919.0,919.0,918.25,919.0,4588.9,4187.8,4352.3,2137.5,16.9,August,15.3,22.0,10.2,27.6,28.6,54.0,38.75,68.0,26.8,332.5,260.0,153.13,265.63
198,08/29/2018,921.75,926.0,921.75,921.75,4588.9,4187.8,4352.3,2137.5,16.9,August,15.3,22.0,10.2,27.6,28.6,54.0,38.75,68.0,26.8,332.5,260.0,153.13,265.63
199,08/30/2018,913.0,922.5,913.0,915.75,4588.9,4187.8,4352.3,2137.5,16.9,August,15.3,22.0,10.2,27.6,28.6,54.0,38.75,68.0,26.8,332.5,260.0,153.13,265.63
200,08/31/2018,925.25,928.5,923.5,928.0,4588.9,4187.8,4352.3,2137.5,16.9,August,15.3,22.0,10.2,27.6,28.6,54.0,38.75,68.0,26.8,332.5,260.0,153.13,265.63
201,09/04/2018,928.0,932.75,921.75,928.0,4430.6,3875.2,4171.5,2176.1,16.7,September,15.2,22.2,9.79,27.73,28.88,54.0,38.19,67.63,26.46,318.32,258.75,150.63,235.0
202,09/05/2018,923.5,923.5,922.5,923.5,4430.6,3875.2,4171.5,2176.1,16.7,September,15.2,22.2,9.79,27.73,28.88,54.0,38.19,67.63,26.46,318.32,258.75,150.63,235.0
203,09/06/2018,922.0,927.25,922.0,926.5,4430.6,3875.2,4171.5,2176.1,16.7,September,15.2,22.2,9.79,27.73,28.88,54.0,38.19,67.63,26.46,318.32,258.75,150.63,235.0
204,09/07/2018,931.5,932.25,925.25,931.5,4430.6,3875.2,4171.5,2176.1,16.7,September,15.2,22.2,9.79,27.73,28.88,54.0,38.19,67.63,26.46,318.32,258.75,150.63,235.0
205,09/10/2018,931.25,935.25,930.0,931.25,4430.6,3875.2,4171.5,2176.1,16.7,September,15.2,22.2,9.79,27.73,28.88,54.0,38.19,67.63,26.46,318.32,258.75,150.63,235.0
206,09/11/2018,922.0,922.75,916.0,917.25,4430.6,3875.2,4171.5,2176.1,16.7,September,15.2,22.2,9.79,27.73,28.88,54.0,38.19,67.63,26.46,318.32,258.75,150.63,235.0
207,09/12/2018,910.5,927.75,910.5,927.5,4430.6,3875.2,4171.5,2176.1,16.7,September,15.2,22.2,9.79,27.73,28.88,54.0,38.19,67.63,26.46,318.32,258.75,150.63,235.0
208,09/13/2018,923.0,930.75,923.0,923.0,4430.6,3875.2,4171.5,2176.1,16.7,September,15.2,22.2,9.79,27.73,28.88,54.0,38.19,67.63,26.46,318.32,258.75,150.63,235.0
209,09/14/2018,922.75,924.5,921.75,922.75,4430.6,3875.2,4171.5,2176.1,16.7,September,15.2,22.2,9.79,27.73,28.88,54.0,38.19,67.63,26.46,318.32,258.75,150.63,235.0
210,09/17/2018,920.0,924.25,918.0,921.75,4430.6,3875.2,4171.5,2176.1,16.7,September,15.2,22.2,9.79,27.73,28.88,54.0,38.19,67.63,26.46,318.32,258.75,150.63,235.0
211,09/18/2018,914.0,915.0,912.25,913.0,4430.6,3875.2,4171.5,2176.1,16.7,September,15.2,22.2,9.79,27.73,28.88,54.0,38.19,67.63,26.46,318.32,258.75,150.63,235.0
212,09/19/2018,912.25,926.25,912.25,923.5,4430.6,3875.2,4171.5,2176.1,16.7,September,15.2,22.2,9.79,27.73,28.88,54.0,38.19,67.63,26.46,318.32,258.75,150.63,235.0
213,09/20/2018,927.5,944.25,922.25,942.5,4430.6,3875.2,4171.5,2176.1,16.7,September,15.2,22.2,9.79,27.73,28.88,54.0,38.19,67.63,26.46,318.32,258.75,150.63,235.0
214,09/21/2018,937.5,944.0,937.5,944.0,4430.6,3875.2,4171.5,2176.1,16.7,September,15.2,22.2,9.79,27.73,28.88,54.0,38.19,67.63,26.46,318.32,258.75,150.63,235.0
215,09/24/2018,943.75,944.0,938.0,942.5,4430.6,3875.2,4171.5,2176.1,16.7,September,15.2,22.2,9.79,27.73,28.88,54.0,38.19,67.63,26.46,318.32,258.75,150.63,235.0
216,09/25/2018,953.75,953.75,942.25,944.5,4430.6,3875.2,4171.5,2176.1,16.7,September,15.2,22.2,9.79,27.73,28.88,54.0,38.19,67.63,26.46,318.32,258.75,150.63,235.0
217,09/26/2018,945.75,948.5,945.75,945.75,4430.6,3875.2,4171.5,2176.1,16.7,September,15.2,22.2,9.79,27.73,28.88,54.0,38.19,67.63,26.46,318.32,258.75,150.63,235.0
218,09/27/2018,949.0,951.25,947.75,950.5,4430.6,3875.2,4171.5,2176.1,16.7,September,15.2,22.2,9.79,27.73,28.88,54.0,38.19,67.63,26.46,318.32,258.75,150.63,235.0
219,09/28/2018,944.0,945.5,944.0,945.5,4430.6,3875.2,4171.5,2176.1,16.7,September,15.2,22.2,9.79,27.73,28.88,54.0,38.19,67.63,26.46,318.32,258.75,150.63,235.0
220,10/01/2018,956.0,958.25,954.0,955.5,4899.8,4454.9,4164.9,2117.3,16.7,October,15.6,22.1,9.79,28.89,30.56,54.0,38.94,66.63,27.18,319.15,249.0,164.0,196.5
221,10/02/2018,958.0,963.0,954.5,963.0,4899.8,4454.9,4164.9,2117.3,16.7,October,15.6,22.1,9.79,28.89,30.56,54.0,38.94,66.63,27.18,319.15,249.0,164.0,196.5
222,10/03/2018,960.0,965.75,959.75,961.5,4899.8,4454.9,4164.9,2117.3,16.7,October,15.6,22.1,9.79,28.89,30.56,54.0,38.94,66.63,27.18,319.15,249.0,164.0,196.5
223,10/04/2018,963.0,965.5,959.0,960.0,4899.8,4454.9,4164.9,2117.3,16.7,October,15.6,22.1,9.79,28.89,30.56,54.0,38.94,66.63,27.18,319.15,249.0,164.0,196.5
224,10/05/2018,955.0,969.0,955.0,969.0,4899.8,4454.9,4164.9,2117.3,16.7,October,15.6,22.1,9.79,28.89,30.56,54.0,38.94,66.63,27.18,319.15,249.0,164.0,196.5
225,10/08/2018,963.25,969.25,963.0,967.25,4899.8,4454.9,4164.9,2117.3,16.7,October,15.6,22.1,9.79,28.89,30.56,54.0,38.94,66.63,27.18,319.15,249.0,164.0,196.5
226,10/09/2018,960.5,963.5,958.75,963.0,4899.8,4454.9,4164.9,2117.3,16.7,October,15.6,22.1,9.79,28.89,30.56,54.0,38.94,66.63,27.18,319.15,249.0,164.0,196.5
227,10/10/2018,957.0,958.0,949.75,951.5,4899.8,4454.9,4164.9,2117.3,16.7,October,15.6,22.1,9.79,28.89,30.56,54.0,38.94,66.63,27.18,319.15,249.0,164.0,196.5
228,10/11/2018,948.25,958.0,948.25,958.0,4899.8,4454.9,4164.9,2117.3,16.7,October,15.6,22.1,9.79,28.89,30.56,54.0,38.94,66.63,27.18,319.15,249.0,164.0,196.5
229,10/12/2018,959.0,963.75,959.0,963.75,4899.8,4454.9,4164.9,2117.3,16.7,October,15.6,22.1,9.79,28.89,30.56,54.0,38.94,66.63,27.18,319.15,249.0,164.0,196.5
230,10/15/2018,964.0,982.5,964.0,982.5,4899.8,4454.9,4164.9,2117.3,16.7,October,15.6,22.1,9.79,28.89,30.56,54.0,38.94,66.63,27.18,319.15,249.0,164.0,196.5
231,10/16/2018,978.0,978.0,974.75,977.75,4899.8,4454.9,4164.9,2117.3,16.7,October,15.6,22.1,9.79,28.89,30.56,54.0,38.94,66.63,27.18,319.15,249.0,164.0,196.5
232,10/17/2018,977.0,979.5,976.75,977.0,4899.8,4454.9,4164.9,2117.3,16.7,October,15.6,22.1,9.79,28.89,30.56,54.0,38.94,66.63,27.18,319.15,249.0,164.0,196.5
233,10/18/2018,964.75,964.75,958.5,958.75,4899.8,4454.9,4164.9,2117.3,16.7,October,15.6,22.1,9.79,28.89,30.56,54.0,38.94,66.63,27.18,319.15,249.0,164.0,196.5
234,10/19/2018,954.75,959.0,952.25,952.25,4899.8,4454.9,4164.9,2117.3,16.7,October,15.6,22.1,9.79,28.89,30.56,54.0,38.94,66.63,27.18,319.15,249.0,164.0,196.5
235,10/22/2018,955.75,957.0,953.5,953.5,4899.8,4454.9,4164.9,2117.3,16.7,October,15.6,22.1,9.79,28.89,30.56,54.0,38.94,66.63,27.18,319.15,249.0,164.0,196.5
236,10/23/2018,949.25,958.25,949.25,953.5,4899.8,4454.9,4164.9,2117.3,16.7,October,15.6,22.1,9.79,28.89,30.56,54.0,38.94,66.63,27.18,319.15,249.0,164.0,196.5
237,10/24/2018,954.75,954.75,951.0,951.5,4899.8,4454.9,4164.9,2117.3,16.7,October,15.6,22.1,9.79,28.89,30.56,54.0,38.94,66.63,27.18,319.15,249.0,164.0,196.5
238,10/25/2018,946.5,946.75,942.75,943.75,4899.8,4454.9,4164.9,2117.3,16.7,October,15.6,22.1,9.79,28.89,30.56,54.0,38.94,66.63,27.18,319.15,249.0,164.0,196.5
239,10/26/2018,947.75,950.25,945.75,945.75,4899.8,4454.9,4164.9,2117.3,16.7,October,15.6,22.1,9.79,28.89,30.56,54.0,38.94,66.63,27.18,319.15,249.0,164.0,196.5
240,10/29/2018,943.0,948.25,938.5,941.25,4899.8,4454.9,4164.9,2117.3,16.7,October,15.6,22.1,9.79,28.89,30.56,54.0,38.94,66.63,27.18,319.15,249.0,164.0,196.5
241,10/30/2018,939.0,940.75,936.5,936.5,4899.8,4454.9,4164.9,2117.3,16.7,October,15.6,22.1,9.79,28.89,30.56,54.0,38.94,66.63,27.18,319.15,249.0,164.0,196.5
242,10/31/2018,936.0,941.5,934.0,941.0,4899.8,4454.9,4164.9,2117.3,16.7,October,15.6,22.1,9.79,28.89,30.56,54.0,38.94,66.63,27.18,319.15,249.0,164.0,196.5
243,11/01/2018,944.5,969.25,939.75,964.75,4638.3,4302.9,4142.6,2242.3,17.0,November,16.0,21.2,9.76,27.49,31.45,52.8,37.45,64.8,26.37,310.62,240.0,171.25,209.38
244,11/02/2018,963.0,978.0,961.75,966.75,4638.3,4302.9,4142.6,2242.3,17.0,November,16.0,21.2,9.76,27.49,31.45,52.8,37.45,64.8,26.37,310.62,240.0,171.25,209.38
245,11/05/2018,972.5,973.25,962.75,968.25,4638.3,4302.9,4142.6,2242.3,17.0,November,16.0,21.2,9.76,27.49,31.45,52.8,37.45,64.8,26.37,310.62,240.0,171.25,209.38
246,11/06/2018,967.5,969.0,963.25,968.25,4638.3,4302.9,4142.6,2242.3,17.0,November,16.0,21.2,9.76,27.49,31.45,52.8,37.45,64.8,26.37,310.62,240.0,171.25,209.38
247,11/07/2018,963.0,964.5,962.5,964.25,4638.3,4302.9,4142.6,2242.3,17.0,November,16.0,21.2,9.76,27.49,31.45,52.8,37.45,64.8,26.37,310.62,240.0,171.25,209.38
248,11/08/2018,965.0,965.75,951.5,965.75,4638.3,4302.9,4142.6,2242.3,17.0,November,16.0,21.2,9.76,27.49,31.45,52.8,37.45,64.8,26.37,310.62,240.0,171.25,209.38
249,11/09/2018,966.0,971.5,963.25,970.5,4638.3,4302.9,4142.6,2242.3,17.0,November,16.0,21.2,9.76,27.49,31.45,52.8,37.45,64.8,26.37,310.62,240.0,171.25,209.38
250,11/12/2018,967.0,969.5,965.75,969.5,4638.3,4302.9,4142.6,2242.3,17.0,November,16.0,21.2,9.76,27.49,31.45,52.8,37.45,64.8,26.37,310.62,240.0,171.25,209.38
251,11/13/2018,969.75,972.25,965.0,966.25,4638.3,4302.9,4142.6,2242.3,17.0,November,16.0,21.2,9.76,27.49,31.45,52.8,37.45,64.8,26.37,310.62,240.0,171.25,209.38
252,11/14/2018,970.0,974.5,970.0,973.5,4638.3,4302.9,4142.6,2242.3,17.0,November,16.0,21.2,9.76,27.49,31.45,52.8,37.45,64.8,26.37,310.62,240.0,171.25,209.38
253,11/15/2018,979.75,983.25,970.5,973.5,4638.3,4302.9,4142.6,2242.3,17.0,November,16.0,21.2,9.76,27.49,31.45,52.8,37.45,64.8,26.37,310.62,240.0,171.25,209.38
254,11/16/2018,970.25,976.25,967.0,973.25,4638.3,4302.9,4142.6,2242.3,17.0,November,16.0,21.2,9.76,27.49,31.45,52.8,37.45,64.8,26.37,310.62,240.0,171.25,209.38
255,11/19/2018,962.5,962.5,957.75,959.25,4638.3,4302.9,4142.6,2242.3,17.0,November,16.0,21.2,9.76,27.49,31.45,52.8,37.45,64.8,26.37,310.62,240.0,171.25,209.38
256,11/20/2018,961.0,969.75,961.0,966.75,4638.3,4302.9,4142.6,2242.3,17.0,November,16.0,21.2,9.76,27.49,31.45,52.8,37.45,64.8,26.37,310.62,240.0,171.25,209.38
257,11/21/2018,965.0,973.25,963.75,967.75,4638.3,4302.9,4142.6,2242.3,17.0,November,16.0,21.2,9.76,27.49,31.45,52.8,37.45,64.8,26.37,310.62,240.0,171.25,209.38
258,11/23/2018,966.5,968.5,965.75,967.75,4638.3,4302.9,4142.6,2242.3,17.0,November,16.0,21.2,9.76,27.49,31.45,52.8,37.45,64.8,26.37,310.62,240.0,171.25,209.38
259,11/26/2018,952.25,954.0,949.0,953.25,4638.3,4302.9,4142.6,2242.3,17.0,November,16.0,21.2,9.76,27.49,31.45,52.8,37.45,64.8,26.37,310.62,240.0,171.25,209.38
260,11/27/2018,955.25,966.75,954.0,964.0,4638.3,4302.9,4142.6,2242.3,17.0,November,16.0,21.2,9.76,27.49,31.45,52.8,37.45,64.8,26.37,310.62,240.0,171.25,209.38
261,11/28/2018,973.0,976.75,970.25,973.0,4638.3,4302.9,4142.6,2242.3,17.0,November,16.0,21.2,9.76,27.49,31.45,52.8,37.45,64.8,26.37,310.62,240.0,171.25,209.38
262,11/29/2018,968.5,975.25,967.0,968.0,4638.3,4302.9,4142.6,2242.3,17.0,November,16.0,21.2,9.76,27.49,31.45,52.8,37.45,64.8,26.37,310.62,240.0,171.25,209.38
263,11/30/2018,972.5,975.0,971.5,973.0,4638.3,4302.9,4142.6,2242.3,17.0,November,16.0,21.2,9.76,27.49,31.45,52.8,37.45,64.8,26.37,310.62,240.0,171.25,209.38
264,12/03/2018,982.75,990.0,980.5,983.0,4690.7,4255.6,4080.1,2134.3,16.4,December,16.3,17.8,9.66,28.14,32.06,53.5,36.75,62.25,26.46,311.7,243.75,187.5,225.83
265,12/04/2018,979.75,987.75,979.25,986.75,4690.7,4255.6,4080.1,2134.3,16.4,December,16.3,17.8,9.66,28.14,32.06,53.5,36.75,62.25,26.46,311.7,243.75,187.5,225.83
266,12/05/2018,988.0,989.0,987.5,987.75,4690.7,4255.6,4080.1,2134.3,16.4,December,16.3,17.8,9.66,28.14,32.06,53.5,36.75,62.25,26.46,311.7,243.75,187.5,225.83
267,12/06/2018,982.0,987.25,975.5,987.0,4690.7,4255.6,4080.1,2134.3,16.4,December,16.3,17.8,9.66,28.14,32.06,53.5,36.75,62.25,26.46,311.7,243.75,187.5,225.83
268,12/07/2018,987.0,992.75,985.0,992.75,4690.7,4255.6,4080.1,2134.3,16.4,December,16.3,17.8,9.66,28.14,32.06,53.5,36.75,62.25,26.46,311.7,243.75,187.5,225.83
269,12/10/2018,989.5,991.5,987.0,989.25,4690.7,4255.6,4080.1,2134.3,16.4,December,16.3,17.8,9.66,28.14,32.06,53.5,36.75,62.25,26.46,311.7,243.75,187.5,225.83
270,12/11/2018,990.0,994.25,990.0,993.5,4690.7,4255.6,4080.1,2134.3,16.4,December,16.3,17.8,9.66,28.14,32.06,53.5,36.75,62.25,26.46,311.7,243.75,187.5,225.83
271,12/12/2018,995.0,1000.0,992.0,995.75,4690.7,4255.6,4080.1,2134.3,16.4,December,16.3,17.8,9.66,28.14,32.06,53.5,36.75,62.25,26.46,311.7,243.75,187.5,225.83
272,12/13/2018,989.0,989.0,985.25,986.5,4690.7,4255.6,4080.1,2134.3,16.4,December,16.3,17.8,9.66,28.14,32.06,53.5,36.75,62.25,26.46,311.7,243.75,187.5,225.83
273,12/14/2018,987.0,987.0,980.5,981.75,4690.7,4255.6,4080.1,2134.3,16.4,December,16.3,17.8,9.66,28.14,32.06,53.5,36.75,62.25,26.46,311.7,243.75,187.5,225.83
274,12/17/2018,985.0,987.5,984.25,984.25,4690.7,4255.6,4080.1,2134.3,16.4,December,16.3,17.8,9.66,28.14,32.06,53.5,36.75,62.25,26.46,311.7,243.75,187.5,225.83
275,12/18/2018,987.5,991.5,986.75,987.0,4690.7,4255.6,4080.1,2134.3,16.4,December,16.3,17.8,9.66,28.14,32.06,53.5,36.75,62.25,26.46,311.7,243.75,187.5,225.83
276,12/19/2018,986.0,987.75,980.0,981.5,4690.7,4255.6,4080.1,2134.3,16.4,December,16.3,17.8,9.66,28.14,32.06,53.5,36.75,62.25,26.46,311.7,243.75,187.5,225.83
277,12/20/2018,978.0,983.25,975.25,975.25,4690.7,4255.6,4080.1,2134.3,16.4,December,16.3,17.8,9.66,28.14,32.06,53.5,36.75,62.25,26.46,311.7,243.75,187.5,225.83
278,12/21/2018,974.75,975.25,969.0,970.75,4690.7,4255.6,4080.1,2134.3,16.4,December,16.3,17.8,9.66,28.14,32.06,53.5,36.75,62.25,26.46,311.7,243.75,187.5,225.83
279,12/24/2018,968.0,972.0,968.0,971.25,4690.7,4255.6,4080.1,2134.3,16.4,December,16.3,17.8,9.66,28.14,32.06,53.5,36.75,62.25,26.46,311.7,243.75,187.5,225.83
280,12/26/2018,963.75,971.75,960.25,960.25,4690.7,4255.6,4080.1,2134.3,16.4,December,16.3,17.8,9.66,28.14,32.06,53.5,36.75,62.25,26.46,311.7,243.75,187.5,225.83
281,12/27/2018,962.25,964.75,959.5,961.0,4690.7,4255.6,4080.1,2134.3,16.4,December,16.3,17.8,9.66,28.14,32.06,53.5,36.75,62.25,26.46,311.7,243.75,187.5,225.83
282,12/28/2018,970.0,974.25,969.25,970.5,4690.7,4255.6,4080.1,2134.3,16.4,December,16.3,17.8,9.66,28.14,32.06,53.5,36.75,62.25,26.46,311.7,243.75,187.5,225.83
283,12/31/2018,974.5,974.5,968.0,970.5,4690.7,4255.6,4080.1,2134.3,16.4,December,16.3,17.8,9.66,28.14,32.06,53.5,36.75,62.25,26.46,311.7,243.75,187.5,225.83
284,01/02/2019,974.0,980.75,974.0,978.0,4767.7,4347.9,4092.7,2088.0,17.4,January,16.7,22.2,9.75,28.44,33.94,53.5,37.13,61.88,26.21,314.92,247.5,190.5,219.0
285,01/03/2019,980.0,980.75,980.0,980.75,4767.7,4347.9,4092.7,2088.0,17.4,January,16.7,22.2,9.75,28.44,33.94,53.5,37.13,61.88,26.21,314.92,247.5,190.5,219.0
286,01/04/2019,981.0,989.0,981.0,988.5,4767.7,4347.9,4092.7,2088.0,17.4,January,16.7,22.2,9.75,28.44,33.94,53.5,37.13,61.88,26.21,314.92,247.5,190.5,219.0
287,01/07/2019,990.0,992.75,989.25,990.5,4767.7,4347.9,4092.7,2088.0,17.4,January,16.7,22.2,9.75,28.44,33.94,53.5,37.13,61.88,26.21,314.92,247.5,190.5,219.0
288,01/08/2019,991.5,991.75,984.0,988.5,4767.7,4347.9,4092.7,2088.0,17.4,January,16.7,22.2,9.75,28.44,33.94,53.5,37.13,61.88,26.21,314.92,247.5,190.5,219.0
289,01/09/2019,991.0,994.5,991.0,993.5,4767.7,4347.9,4092.7,2088.0,17.4,January,16.7,22.2,9.75,28.44,33.94,53.5,37.13,61.88,26.21,314.92,247.5,190.5,219.0
290,01/10/2019,992.0,992.5,978.75,980.75,4767.7,4347.9,4092.7,2088.0,17.4,January,16.7,22.2,9.75,28.44,33.94,53.5,37.13,61.88,26.21,314.92,247.5,190.5,219.0
291,01/11/2019,981.0,986.25,981.0,985.0,4767.7,4347.9,4092.7,2088.0,17.4,January,16.7,22.2,9.75,28.44,33.94,53.5,37.13,61.88,26.21,314.92,247.5,190.5,219.0
292,01/14/2019,981.0,981.0,978.5,980.5,4767.7,4347.9,4092.7,2088.0,17.4,January,16.7,22.2,9.75,28.44,33.94,53.5,37.13,61.88,26.21,314.92,247.5,190.5,219.0
293,01/15/2019,978.25,978.25,970.5,972.75,4767.7,4347.9,4092.7,2088.0,17.4,January,16.7,22.2,9.75,28.44,33.94,53.5,37.13,61.88,26.21,314.92,247.5,190.5,219.0
294,01/16/2019,975.25,976.25,970.25,972.0,4767.7,4347.9,4092.7,2088.0,17.4,January,16.7,22.2,9.75,28.44,33.94,53.5,37.13,61.88,26.21,314.92,247.5,190.5,219.0
295,01/17/2019,972.0,982.0,971.5,979.25,4767.7,4347.9,4092.7,2088.0,17.4,January,16.7,22.2,9.75,28.44,33.94,53.5,37.13,61.88,26.21,314.92,247.5,190.5,219.0
296,01/18/2019,977.5,989.0,977.5,986.25,4767.7,4347.9,4092.7,2088.0,17.4,January,16.7,22.2,9.75,28.44,33.94,53.5,37.13,61.88,26.21,314.92,247.5,190.5,219.0
297,01/22/2019,986.0,986.5,972.5,980.75,4767.7,4347.9,4092.7,2088.0,17.4,January,16.7,22.2,9.75,28.44,33.94,53.5,37.13,61.88,26.21,314.92,247.5,190.5,219.0
298,01/23/2019,984.0,984.25,981.25,984.25,4767.7,4347.9,4092.7,2088.0,17.4,January,16.7,22.2,9.75,28.44,33.94,53.5,37.13,61.88,26.21,314.92,247.5,190.5,219.0
299,01/24/2019,981.25,985.5,981.0,983.5,4767.7,4347.9,4092.7,2088.0,17.4,January,16.7,22.2,9.75,28.44,33.94,53.5,37.13,61.88,26.21,314.92,247.5,190.5,219.0
300,01/25/2019,983.0,989.0,981.0,988.75,4767.7,4347.9,4092.7,2088.0,17.4,January,16.7,22.2,9.75,28.44,33.94,53.5,37.13,61.88,26.21,314.92,247.5,190.5,219.0
301,01/28/2019,984.0,986.25,982.75,986.0,4767.7,4347.9,4092.7,2088.0,17.4,January,16.7,22.2,9.75,28.44,33.94,53.5,37.13,61.88,26.21,314.92,247.5,190.5,219.0
302,01/29/2019,984.0,984.0,981.75,983.0,4767.7,4347.9,4092.7,2088.0,17.4,January,16.7,22.2,9.75,28.44,33.94,53.5,37.13,61.88,26.21,314.92,247.5,190.5,219.0
303,01/30/2019,983.25,986.75,981.75,984.25,4767.7,4347.9,4092.7,2088.0,17.4,January,16.7,22.2,9.75,28.44,33.94,53.5,37.13,61.88,26.21,314.92,247.5,190.5,219.0
304,01/31/2019,985.0,989.0,979.5,981.25,4767.7,4347.9,4092.7,2088.0,17.4,January,16.7,22.2,9.75,28.44,33.94,53.5,37.13,61.88,26.21,314.92,247.5,190.5,219.0
305,02/01/2019,986.5,990.5,982.25,982.25,4315.4,4020.6,4092.7,2088.0,18.0,February,16.2,21.5,9.79,29.58,36.44,53.0,37.75,61.13,25.65,306.83,235.0,187.5,225.0
306,02/04/2019,981.5,986.0,980.75,982.75,4315.4,4020.6,4092.7,2088.0,18.0,February,16.2,21.5,9.79,29.58,36.44,53.0,37.75,61.13,25.65,306.83,235.0,187.5,225.0
307,02/05/2019,981.25,985.0,979.0,984.5,4315.4,4020.6,4092.7,2088.0,18.0,February,16.2,21.5,9.79,29.58,36.44,53.0,37.75,61.13,25.65,306.83,235.0,187.5,225.0
308,02/06/2019,984.25,989.0,984.0,988.5,4315.4,4020.6,4092.7,2088.0,18.0,February,16.2,21.5,9.79,29.58,36.44,53.0,37.75,61.13,25.65,306.83,235.0,187.5,225.0
309,02/07/2019,987.25,988.25,980.5,982.25,4315.4,4020.6,4092.7,2088.0,18.0,February,16.2,21.5,9.79,29.58,36.44,53.0,37.75,61.13,25.65,306.83,235.0,187.5,225.0
310,02/08/2019,982.75,985.0,978.0,982.75,4315.4,4020.6,4092.7,2088.0,18.0,February,16.2,21.5,9.79,29.58,36.44,53.0,37.75,61.13,25.65,306.83,235.0,187.5,225.0
311,02/11/2019,985.0,985.0,974.75,976.5,4315.4,4020.6,4092.7,2088.0,18.0,February,16.2,21.5,9.79,29.58,36.44,53.0,37.75,61.13,25.65,306.83,235.0,187.5,225.0
312,02/12/2019,980.25,989.75,979.25,987.75,4315.4,4020.6,4092.7,2088.0,18.0,February,16.2,21.5,9.79,29.58,36.44,53.0,37.75,61.13,25.65,306.83,235.0,187.5,225.0
313,02/13/2019,987.0,989.0,983.0,985.25,4315.4,4020.6,4092.7,2088.0,18.0,February,16.2,21.5,9.79,29.58,36.44,53.0,37.75,61.13,25.65,306.83,235.0,187.5,225.0
314,02/14/2019,982.5,985.5,974.5,975.25,4315.4,4020.6,4092.7,2088.0,18.0,February,16.2,21.5,9.79,29.58,36.44,53.0,37.75,61.13,25.65,306.83,235.0,187.5,225.0
315,02/15/2019,977.5,979.5,973.5,979.0,4315.4,4020.6,4092.7,2088.0,18.0,February,16.2,21.5,9.79,29.58,36.44,53.0,37.75,61.13,25.65,306.83,235.0,187.5,225.0
316,02/19/2019,980.25,981.25,968.25,973.5,4315.4,4020.6,4092.7,2088.0,18.0,February,16.2,21.5,9.79,29.58,36.44,53.0,37.75,61.13,25.65,306.83,235.0,187.5,225.0
317,02/20/2019,973.5,976.75,966.5,975.75,4315.4,4020.6,4092.7,2088.0,18.0,February,16.2,21.5,9.79,29.58,36.44,53.0,37.75,61.13,25.65,306.83,235.0,187.5,225.0
318,02/21/2019,975.0,983.75,973.0,980.25,4315.4,4020.6,4092.7,2088.0,18.0,February,16.2,21.5,9.79,29.58,36.44,53.0,37.75,61.13,25.65,306.83,235.0,187.5,225.0
319,02/22/2019,981.25,982.25,977.5,980.25,4315.4,4020.6,4092.7,2088.0,18.0,February,16.2,21.5,9.79,29.58,36.44,53.0,37.75,61.13,25.65,306.83,235.0,187.5,225.0
320,02/25/2019,985.0,987.5,980.0,980.0,4315.4,4020.6,4092.7,2088.0,18.0,February,16.2,21.5,9.79,29.58,36.44,53.0,37.75,61.13,25.65,306.83,235.0,187.5,225.0
321,02/26/2019,977.75,978.5,971.25,975.75,4315.4,4020.6,4092.7,2088.0,18.0,February,16.2,21.5,9.79,29.58,36.44,53.0,37.75,61.13,25.65,306.83,235.0,187.5,225.0
322,02/27/2019,976.25,980.5,973.0,976.0,4315.4,4020.6,4092.7,2088.0,18.0,February,16.2,21.5,9.79,29.58,36.44,53.0,37.75,61.13,25.65,306.83,235.0,187.5,225.0
323,02/28/2019,976.75,977.0,970.5,971.75,4315.4,4020.6,4092.7,2088.0,18.0,February,16.2,21.5,9.79,29.58,36.44,53.0,37.75,61.13,25.65,306.83,235.0,187.5,225.0
324,03/01/2019,977.0,977.25,964.5,972.5,4569.2,4059.1,4273.9,2041.0,17.8,March,15.8,16.0,10.1,28.62,35.7,53.2,36.15,61.0,26.72,306.38,226.25,189.38,235.63
325,03/04/2019,979.0,983.75,978.25,978.25,4569.2,4059.1,4273.9,2041.0,17.8,March,15.8,20.5,9.93,27.86,37.13,54.0,35.44,65.25,27.94,304.26,216.5,166.5,241.5
326,03/05/2019,976.5,979.0,974.0,978.5,4569.2,4059.1,4273.9,2041.0,17.8,March,15.8,20.5,9.93,27.86,37.13,54.0,35.44,65.25,27.94,304.26,216.5,166.5,241.5
327,03/06/2019,977.0,979.0,966.5,967.75,4569.2,4059.1,4273.9,2041.0,17.8,March,15.8,20.5,9.93,27.86,37.13,54.0,35.44,65.25,27.94,304.26,216.5,166.5,241.5
328,03/07/2019,970.0,971.0,963.0,964.0,4569.2,4059.1,4273.9,2041.0,17.8,March,15.8,20.5,9.93,27.86,37.13,54.0,35.44,65.25,27.94,304.26,216.5,166.5,241.5
329,03/08/2019,964.0,965.25,956.25,959.5,4569.2,4059.1,4273.9,2041.0,17.8,March,15.8,20.5,9.93,27.86,37.13,54.0,35.44,65.25,27.94,304.26,216.5,166.5,241.5
330,03/11/2019,958.5,961.25,954.5,955.75,4569.2,4059.1,4273.9,2041.0,17.8,March,15.8,20.5,9.93,27.86,37.13,54.0,35.44,65.25,27.94,304.26,216.5,166.5,241.5
331,03/12/2019,955.25,964.0,954.25,962.25,4569.2,4059.1,4273.9,2041.0,17.8,March,15.8,20.5,9.93,27.86,37.13,54.0,35.44,65.25,27.94,304.26,216.5,166.5,241.5
332,03/13/2019,960.0,966.75,957.5,966.0,4569.2,4059.1,4273.9,2041.0,17.8,March,15.8,20.5,9.93,27.86,37.13,54.0,35.44,65.25,27.94,304.26,216.5,166.5,241.5
333,03/14/2019,968.0,968.5,961.75,962.75,4569.2,4059.1,4273.9,2041.0,17.8,March,15.8,20.5,9.93,27.86,37.13,54.0,35.44,65.25,27.94,304.26,216.5,166.5,241.5
334,03/15/2019,964.5,972.5,962.25,970.25,4569.2,4059.1,4273.9,2041.0,17.8,March,15.8,20.5,9.93,27.86,37.13,54.0,35.44,65.25,27.94,304.26,216.5,166.5,241.5
335,03/18/2019,967.25,969.25,964.0,967.25,4569.2,4059.1,4273.9,2041.0,17.8,March,15.8,20.5,9.93,27.86,37.13,54.0,35.44,65.25,27.94,304.26,216.5,166.5,241.5
336,03/19/2019,967.25,969.5,963.75,967.5,4569.2,4059.1,4273.9,2041.0,17.8,March,15.8,20.5,9.93,27.86,37.13,54.0,35.44,65.25,27.94,304.26,216.5,166.5,241.5
337,03/20/2019,966.0,970.25,964.75,968.25,4569.2,4059.1,4273.9,2041.0,17.8,March,15.8,20.5,9.93,27.86,37.13,54.0,35.44,65.25,27.94,304.26,216.5,166.5,241.5
338,03/21/2019,968.75,973.5,966.5,971.75,4569.2,4059.1,4273.9,2041.0,17.8,March,15.8,20.5,9.93,27.86,37.13,54.0,35.44,65.25,27.94,304.26,216.5,166.5,241.5
339,03/22/2019,970.75,972.25,961.5,962.0,4569.2,4059.1,4273.9,2041.0,17.8,March,15.8,20.5,9.93,27.86,37.13,54.0,35.44,65.25,27.94,304.26,216.5,166.5,241.5
340,03/25/2019,965.0,965.25,959.75,964.25,4569.2,4059.1,4273.9,2041.0,17.8,March,15.8,20.5,9.93,27.86,37.13,54.0,35.44,65.25,27.94,304.26,216.5,166.5,241.5
341,03/26/2019,964.75,964.75,959.25,960.0,4569.2,4059.1,4273.9,2041.0,17.8,March,15.8,20.5,9.93,27.86,37.13,54.0,35.44,65.25,27.94,304.26,216.5,166.5,241.5
342,03/27/2019,958.75,959.0,947.75,950.75,4569.2,4059.1,4273.9,2041.0,17.8,March,15.8,20.5,9.93,27.86,37.13,54.0,35.44,65.25,27.94,304.26,216.5,166.5,241.5
343,03/28/2019,952.0,953.5,950.0,950.0,4569.2,4059.1,4273.9,2041.0,17.8,March,15.8,20.5,9.93,27.86,37.13,54.0,35.44,65.25,27.94,304.26,216.5,166.5,241.5
344,03/29/2019,952.0,953.0,944.75,945.75,4569.2,4059.1,4273.9,2041.0,17.8,March,15.8,20.5,9.93,27.86,37.13,54.0,35.44,65.25,27.94,304.26,216.5,166.5,241.5
345,04/01/2019,949.75,958.5,949.5,955.75,4607.2,4222.1,4251.1,1993.4,17.6,April,15.8,20.5,9.93,27.86,37.13,54.0,35.44,65.25,27.94,304.26,216.5,166.5,241.5
346,04/02/2019,957.0,963.0,953.5,963.0,4607.2,4222.1,4251.1,1993.4,17.6,April,15.8,20.5,9.93,27.86,37.13,54.0,35.44,65.25,27.94,304.26,216.5,166.5,241.5
347,04/03/2019,965.0,965.25,959.0,962.5,4607.2,4222.1,4251.1,1993.4,17.6,April,15.8,20.5,9.93,27.86,37.13,54.0,35.44,65.25,27.94,304.26,216.5,166.5,241.5
348,04/04/2019,962.75,969.75,962.75,969.75,4607.2,4222.1,4251.1,1993.4,17.6,April,15.8,20.5,9.93,27.86,37.13,54.0,35.44,65.25,27.94,304.26,216.5,166.5,241.5
349,04/05/2019,966.0,966.0,963.5,965.25,4607.2,4222.1,4251.1,1993.4,17.6,April,15.8,20.5,9.93,27.86,37.13,54.0,35.44,65.25,27.94,304.26,216.5,166.5,241.5
350,04/08/2019,968.0,968.75,963.25,964.5,4607.2,4222.1,4251.1,1993.4,17.6,April,15.8,20.5,9.93,27.86,37.13,54.0,35.44,65.25,27.94,304.26,216.5,166.5,241.5
351,04/09/2019,963.75,966.75,960.25,964.0,4607.2,4222.1,4251.1,1993.4,17.6,April,15.8,20.5,9.93,27.86,37.13,54.0,35.44,65.25,27.94,304.26,216.5,166.5,241.5
352,04/10/2019,963.75,968.0,962.75,966.0,4607.2,4222.1,4251.1,1993.4,17.6,April,15.8,20.5,9.93,27.86,37.13,54.0,35.44,65.25,27.94,304.26,216.5,166.5,241.5
353,04/11/2019,965.25,967.0,959.0,960.5,4607.2,4222.1,4251.1,1993.4,17.6,April,15.8,20.5,9.93,27.86,37.13,54.0,35.44,65.25,27.94,304.26,216.5,166.5,241.5
354,04/12/2019,960.5,962.75,958.75,959.75,4607.2,4222.1,4251.1,1993.4,17.6,April,15.8,20.5,9.93,27.86,37.13,54.0,35.44,65.25,27.94,304.26,216.5,166.5,241.5
355,04/15/2019,963.0,965.75,961.5,962.75,4607.2,4222.1,4251.1,1993.4,17.6,April,15.8,20.5,9.93,27.86,37.13,54.0,35.44,65.25,27.94,304.26,216.5,166.5,241.5
356,04/16/2019,961.75,961.75,952.25,954.0,4607.2,4222.1,4251.1,1993.4,17.6,April,15.8,20.5,9.93,27.86,37.13,54.0,35.44,65.25,27.94,304.26,216.5,166.5,241.5
357,04/17/2019,955.0,955.5,946.0,946.25,4607.2,4222.1,4251.1,1993.4,17.6,April,15.8,20.5,9.93,27.86,37.13,54.0,35.44,65.25,27.94,304.26,216.5,166.5,241.5
358,04/18/2019,945.75,948.5,944.5,947.5,4607.2,4222.1,4251.1,1993.4,17.6,April,15.8,20.5,9.93,27.86,37.13,54.0,35.44,65.25,27.94,304.26,216.5,166.5,241.5
359,04/22/2019,948.0,948.25,943.25,944.0,4607.2,4222.1,4251.1,1993.4,17.6,April,15.8,20.5,9.93,27.86,37.13,54.0,35.44,65.25,27.94,304.26,216.5,166.5,241.5
360,04/23/2019,945.25,945.25,931.25,932.75,4607.2,4222.1,4251.1,1993.4,17.6,April,15.8,20.5,9.93,27.86,37.13,54.0,35.44,65.25,27.94,304.26,216.5,166.5,241.5
361,04/24/2019,932.5,934.5,925.5,926.0,4607.2,4222.1,4251.1,1993.4,17.6,April,15.8,20.5,9.93,27.86,37.13,54.0,35.44,65.25,27.94,304.26,216.5,166.5,241.5
362,04/25/2019,929.0,932.5,924.5,929.75,4607.2,4222.1,4251.1,1993.4,17.6,April,15.8,20.5,9.93,27.86,37.13,54.0,35.44,65.25,27.94,304.26,216.5,166.5,241.5
363,04/26/2019,926.25,929.25,923.25,924.25,4607.2,4222.1,4251.1,1993.4,17.6,April,15.8,20.5,9.93,27.86,37.13,54.0,35.44,65.25,27.94,304.26,216.5,166.5,241.5
364,04/29/2019,926.75,929.25,916.75,917.25,4607.2,4222.1,4251.1,1993.4,17.6,April,15.8,20.5,9.93,27.86,37.13,54.0,35.44,65.25,27.94,304.26,216.5,166.5,241.5
365,04/30/2019,917.5,920.5,910.25,912.5,4607.2,4222.1,4251.1,1993.4,17.6,April,15.8,20.5,9.93,27.86,37.13,54.0,35.44,65.25,27.94,304.26,216.5,166.5,241.5
366,05/01/2019,912.5,915.5,903.75,911.25,4363.6,4051.5,4208.3,2189.4,18.3,May,15.2,20.6,9.54,26.93,35.65,53.4,34.1,66.0,27.76,297.52,215.0,141.25,233.75
367,05/02/2019,910.75,912.5,902.75,904.5,4363.6,4051.5,4208.3,2189.4,18.3,May,15.2,20.6,9.54,26.93,35.65,53.4,34.1,66.0,27.76,297.52,215.0,141.25,233.75
368,05/03/2019,905.0,908.5,903.25,905.0,4363.6,4051.5,4208.3,2189.4,18.3,May,15.2,20.6,9.54,26.93,35.65,53.4,34.1,66.0,27.76,297.52,215.0,141.25,233.75
369,05/06/2019,896.75,898.75,885.25,897.0,4363.6,4051.5,4208.3,2189.4,18.3,May,15.2,20.6,9.54,26.93,35.65,53.4,34.1,66.0,27.76,297.52,215.0,141.25,233.75
370,05/07/2019,897.25,900.0,893.75,895.75,4363.6,4051.5,4208.3,2189.4,18.3,May,15.2,20.6,9.54,26.93,35.65,53.4,34.1,66.0,27.76,297.52,215.0,141.25,233.75
371,05/08/2019,896.0,899.0,891.5,894.0,4363.6,4051.5,4208.3,2189.4,18.3,May,15.2,20.6,9.54,26.93,35.65,53.4,34.1,66.0,27.76,297.52,215.0,141.25,233.75
372,05/09/2019,893.0,893.25,876.75,882.5,4363.6,4051.5,4208.3,2189.4,18.3,May,15.2,20.6,9.54,26.93,35.65,53.4,34.1,66.0,27.76,297.52,215.0,141.25,233.75
373,05/10/2019,883.0,886.5,879.0,881.75,4363.6,4051.5,4208.3,2189.4,18.3,May,15.2,20.6,9.54,26.93,35.65,53.4,34.1,66.0,27.76,297.52,215.0,141.25,233.75
374,05/13/2019,877.75,880.25,866.0,878.0,4363.6,4051.5,4208.3,2189.4,18.3,May,15.2,20.6,9.54,26.93,35.65,53.4,34.1,66.0,27.76,297.52,215.0,141.25,233.75
375,05/14/2019,880.5,908.25,880.5,903.25,4363.6,4051.5,4208.3,2189.4,18.3,May,15.2,20.6,9.54,26.93,35.65,53.4,34.1,66.0,27.76,297.52,215.0,141.25,233.75
376,05/15/2019,902.5,914.75,899.0,904.0,4363.6,4051.5,4208.3,2189.4,18.3,May,15.2,20.6,9.54,26.93,35.65,53.4,34.1,66.0,27.76,297.52,215.0,141.25,233.75
377,05/16/2019,903.5,913.0,902.75,907.5,4363.6,4051.5,4208.3,2189.4,18.3,May,15.2,20.6,9.54,26.93,35.65,53.4,34.1,66.0,27.76,297.52,215.0,141.25,233.75
378,05/17/2019,907.75,908.5,889.0,890.0,4363.6,4051.5,4208.3,2189.4,18.3,May,15.2,20.6,9.54,26.93,35.65,53.4,34.1,66.0,27.76,297.52,215.0,141.25,233.75
379,05/20/2019,895.25,903.75,893.0,899.5,4363.6,4051.5,4208.3,2189.4,18.3,May,15.2,20.6,9.54,26.93,35.65,53.4,34.1,66.0,27.76,297.52,215.0,141.25,233.75
380,05/21/2019,904.75,909.5,886.25,890.0,4363.6,4051.5,4208.3,2189.4,18.3,May,15.2,20.6,9.54,26.93,35.65,53.4,34.1,66.0,27.76,297.52,215.0,141.25,233.75
381,05/22/2019,890.25,902.5,887.5,896.75,4363.6,4051.5,4208.3,2189.4,18.3,May,15.2,20.6,9.54,26.93,35.65,53.4,34.1,66.0,27.76,297.52,215.0,141.25,233.75
382,05/23/2019,896.0,902.5,888.75,893.0,4363.6,4051.5,4208.3,2189.4,18.3,May,15.2,20.6,9.54,26.93,35.65,53.4,34.1,66.0,27.76,297.52,215.0,141.25,233.75
383,05/24/2019,892.25,901.0,891.5,898.75,4363.6,4051.5,4208.3,2189.4,18.3,May,15.2,20.6,9.54,26.93,35.65,53.4,34.1,66.0,27.76,297.52,215.0,141.25,233.75
384,05/28/2019,907.5,922.5,906.5,921.75,4363.6,4051.5,4208.3,2189.4,18.3,May,15.2,20.6,9.54,26.93,35.65,53.4,34.1,66.0,27.76,297.52,215.0,141.25,233.75
385,05/29/2019,926.75,951.75,926.75,932.75,4363.6,4051.5,4208.3,2189.4,18.3,May,15.2,20.6,9.54,26.93,35.65,53.4,34.1,66.0,27.76,297.52,215.0,141.25,233.75
386,05/30/2019,930.5,946.25,926.25,945.25,4363.6,4051.5,4208.3,2189.4,18.3,May,15.2,20.6,9.54,26.93,35.65,53.4,34.1,66.0,27.76,297.52,215.0,141.25,233.75
387,05/31/2019,944.75,948.25,935.5,937.0,4363.6,4051.5,4208.3,2189.4,18.3,May,15.2,20.6,9.54,26.93,35.65,53.4,34.1,66.0,27.76,297.52,215.0,141.25,233.75
388,06/03/2019,935.0,946.5,934.0,939.5,4051.3,3626.9,3865.5,1891.7,17.9,June,14.9,21.7,9.07,28.24,36.69,51.0,34.63,66.0,27.38,324.75,215.63,143.13,228.88
389,06/04/2019,949.75,952.0,942.0,944.25,4051.3,3626.9,3865.5,1891.7,17.9,June,14.9,21.7,9.07,28.24,36.69,51.0,34.63,66.0,27.38,324.75,215.63,143.13,228.88
390,06/05/2019,944.5,947.0,933.5,935.0,4051.3,3626.9,3865.5,1891.7,17.9,June,14.9,21.7,9.07,28.24,36.69,51.0,34.63,66.0,27.38,324.75,215.63,143.13,228.88
391,06/06/2019,934.75,936.75,924.0,933.75,4051.3,3626.9,3865.5,1891.7,17.9,June,14.9,21.7,9.07,28.24,36.69,51.0,34.63,66.0,27.38,324.75,215.63,143.13,228.88
392,06/07/2019,935.0,936.0,922.75,924.75,4051.3,3626.9,3865.5,1891.7,17.9,June,14.9,21.7,9.07,28.24,36.69,51.0,34.63,66.0,27.38,324.75,215.63,143.13,228.88
393,06/10/2019,922.0,934.25,918.25,928.75,4051.3,3626.9,3865.5,1891.7,17.9,June,14.9,21.7,9.07,28.24,36.69,51.0,34.63,66.0,27.38,324.75,215.63,143.13,228.88
394,06/11/2019,926.0,933.5,922.5,930.25,4051.3,3626.9,3865.5,1891.7,17.9,June,14.9,21.7,9.07,28.24,36.69,51.0,34.63,66.0,27.38,324.75,215.63,143.13,228.88
395,06/12/2019,927.5,946.75,923.75,943.25,4051.3,3626.9,3865.5,1891.7,17.9,June,14.9,21.7,9.07,28.24,36.69,51.0,34.63,66.0,27.38,324.75,215.63,143.13,228.88
396,06/13/2019,946.0,949.5,942.5,948.5,4051.3,3626.9,3865.5,1891.7,17.9,June,14.9,21.7,9.07,28.24,36.69,51.0,34.63,66.0,27.38,324.75,215.63,143.13,228.88
397,06/14/2019,949.0,954.5,946.0,952.0,4051.3,3626.9,3865.5,1891.7,17.9,June,14.9,21.7,9.07,28.24,36.69,51.0,34.63,66.0,27.38,324.75,215.63,143.13,228.88
398,06/17/2019,954.5,965.0,954.25,962.25,4051.3,3626.9,3865.5,1891.7,17.9,June,14.9,21.7,9.07,28.24,36.69,51.0,34.63,66.0,27.38,324.75,215.63,143.13,228.88
399,06/18/2019,965.0,968.0,956.5,961.75,4051.3,3626.9,3865.5,1891.7,17.9,June,14.9,21.7,9.07,28.24,36.69,51.0,34.63,66.0,27.38,324.75,215.63,143.13,228.88
400,06/19/2019,957.75,963.25,955.0,956.5,4051.3,3626.9,3865.5,1891.7,17.9,June,14.9,21.7,9.07,28.24,36.69,51.0,34.63,66.0,27.38,324.75,215.63,143.13,228.88
401,06/20/2019,952.75,970.5,951.0,969.75,4051.3,3626.9,3865.5,1891.7,17.9,June,14.9,21.7,9.07,28.24,36.69,51.0,34.63,66.0,27.38,324.75,215.63,143.13,228.88
402,06/21/2019,969.25,971.25,957.75,957.75,4051.3,3626.9,3865.5,1891.7,17.9,June,14.9,21.7,9.07,28.24,36.69,51.0,34.63,66.0,27.38,324.75,215.63,143.13,228.88
403,06/24/2019,957.75,964.75,955.0,963.25,4051.3,3626.9,3865.5,1891.7,17.9,June,14.9,21.7,9.07,28.24,36.69,51.0,34.63,66.0,27.38,324.75,215.63,143.13,228.88
404,06/25/2019,967.75,968.5,952.75,955.0,4051.3,3626.9,3865.5,1891.7,17.9,June,14.9,21.7,9.07,28.24,36.69,51.0,34.63,66.0,27.38,324.75,215.63,143.13,228.88
405,06/26/2019,953.25,953.75,946.5,947.75,4051.3,3626.9,3865.5,1891.7,17.9,June,14.9,21.7,9.07,28.24,36.69,51.0,34.63,66.0,27.38,324.75,215.63,143.13,228.88
406,06/27/2019,949.0,950.75,941.5,945.75,4051.3,3626.9,3865.5,1891.7,17.9,June,14.9,21.7,9.07,28.24,36.69,51.0,34.63,66.0,27.38,324.75,215.63,143.13,228.88
407,06/28/2019,945.5,961.5,945.25,955.0,4051.3,3626.9,3865.5,1891.7,17.9,June,14.9,21.7,9.07,28.24,36.69,51.0,34.63,66.0,27.38,324.75,215.63,143.13,228.88
