,Date,closePrice,canolaOilPrice,soybeanOilPrice,soybeanMealPrice,cottonseedmealPrice,sunflowerseedMealPrice,Month
0,2017-11-27,880.0528457109618,34.19144585958558,26.977161308902826,302.35036534605,215.7075272950396,141.4432896619701,10.999999701976785
1,2017-11-28,885.5426125280425,34.34437339584644,27.08466696889449,309.2055721164153,217.0096982900778,141.71645302327389,10.999999701976785
2,2017-11-29,895.4151297775348,34.540686869474406,27.253654435140845,316.15395574600024,219.0337898879377,142.1851217763411,10.999999701976785
3,2017-11-30,909.4319375132017,34.75848299602429,27.474862513137516,322.2663233678108,221.86949921254578,142.98543900095177,10.999999701976785
4,2017-12-01,925.4805740124846,34.97915830047455,27.719909823689243,327.1008880259812,225.55069762130316,144.22774408490625,11.999999672174463
5,2017-12-04,940.745058894864,35.19101006791828,27.964297243792668,330.73842160096166,229.95642682788423,146.02329845138232,11.999999672174463
6,2017-12-05,953.4419722148021,35.387892192717416,28.195701249103948,333.4963679144416,234.8103939728307,148.51790197448668,11.999999672174463
7,2017-12-06,963.1014042391017,35.5690457513988,28.402692600984402,335.5834036366199,239.76366161834608,151.7856981494539,11.999999672174463
8,2017-12-07,970.24131187234,35.733498828795575,28.586284138773227,337.16263799693724,244.5391667214664,155.79450776205428,11.999999672174463
9,2017-12-08,975.5104937473088,35.881004697728805,28.747760387220964,338.31068737251616,248.96370661285317,160.3596422781052,11.999999672174463
10,2017-12-11,979.4471778990556,36.01183290889095,28.889707249041376,339.0667657486144,252.94661877054423,165.16472684982506,11.999999672174463
11,2017-12-12,982.4365376739684,36.12669132439101,29.01488419566735,339.4590887638728,256.4431036502046,169.84876173319756,11.999999672174463
12,2017-12-13,984.766672413707,36.229292513562704,29.111976909936335,339.7277998647208,259.0717560677379,174.42839025035124,11.999999672174463
13,2017-12-14,986.7277195067057,36.308113101004956,29.196538970003317,339.9634357920449,261.0728120489409,178.47717956829757,11.999999672174463
14,2017-12-15,988.4796962391873,36.3713397310807,29.276516568790505,340.17354914452386,262.65756934395733,181.86303712123856,11.999999672174463
15,2017-12-18,989.9795499664164,36.424426223950476,29.347569907174634,340.27810641626564,263.88299252948184,184.55394754251648,11.999999672174463
16,2017-12-19,991.2188573448577,36.47160109362947,29.407732970724517,340.2070993962518,264.7866820287125,186.60554538740467,11.999999672174463
17,2017-12-20,992.3296365717872,36.51289399402574,29.464407806679315,339.99728082121277,265.4407192837213,188.16762594182896,11.999999672174463
18,2017-12-21,993.2780893092815,36.549397788268266,29.514727044301964,339.6498670058277,265.89877222799646,189.34338534446314,11.999999672174463
19,2017-12-22,994.0738197434277,36.58225781690761,29.55884120021607,339.18594455375876,266.20184427127174,190.2221182775221,11.999999672174463
20,2017-12-26,994.8162198291482,36.61090132637099,29.60248346617507,338.68695789592584,266.40458299467446,190.90301671436015,11.999999672174463
21,2017-12-27,995.405346551663,36.6366965613045,29.63854120528172,338.13274768974,266.52165411006393,191.41274516394353,11.999999672174463
22,2017-12-28,995.9372680127861,36.659996203300196,29.67278577116185,337.58463909036834,266.58136105564284,191.80736912310462,11.999999672174463
23,2017-12-29,996.3541054335226,36.6816155682351,29.70068229359827,337.0251085806797,266.59034223317565,192.10265387054537,11.999999672174463
24,2018-01-02,996.6682620341558,36.702621197229895,29.722736368971454,336.454556829039,266.55173960466266,192.31570060380074,1.0
25,2018-01-03,996.9509732349871,36.723026584478696,29.74305998746082,335.91460183089345,266.48441783220534,192.47842413649803,1.0
26,2018-01-04,997.1980929666133,36.742671299006936,29.761073940952347,335.41931849351914,266.39902091630285,192.6045355925744,1.0
27,2018-01-05,997.4167150313261,36.76169528060552,29.7771778636732,334.9824211226638,266.30147508066636,192.70252092956338,1.0
28,2018-01-08,997.7021465435174,36.77938700207569,29.797342248359985,334.6799394024872,266.21903644283174,192.80122091130448,1.0
29,2018-01-09,997.9325332988374,36.79580060678893,29.813476196919524,334.45496411558673,266.1373937687039,192.8829166573614,1.0
30,2018-01-10,998.0839610488697,36.81241862355388,29.82426302789662,334.2643862078143,266.03710234165794,192.93481638578965,1.0
31,2018-01-11,998.2465849356881,36.82963821482474,29.83520463722927,334.14297510749407,265.929305653588,192.97672545240727,1.0
32,2018-01-12,998.603260615163,36.81026704926872,29.845618566661383,334.298634767264,268.1357073810226,192.9667814759322,1.0
33,2018-01-16,999.2515694169706,36.81422101474174,29.908551368543826,335.14747645559106,270.2225308685179,192.80002863965777,1.0
34,2018-01-17,999.8298323880101,36.819191876028675,29.984564200618706,336.6249553608041,272.1393661554903,192.69626509459783,1.0
35,2018-01-18,1000.4358057975952,36.82577904190055,30.067407232992082,338.67436832351683,273.9351569535899,192.63385757448808,1.0
36,2018-01-19,1001.0330672132437,36.833873226044496,30.147059777861095,341.1148049912188,275.6101739549276,192.60050988017693,1.0
37,2018-01-22,1001.6293839548508,36.84336114386785,30.221079087962245,343.77729492867434,277.1804202192908,192.58976147945828,1.0
38,2018-01-23,1002.1593198510908,36.85362639391069,30.284108166243577,346.4780658664807,278.63345035463385,192.58243547295444,1.0
39,2018-01-24,1002.6843311965413,36.86500333231627,30.340858163652637,349.1314177032992,279.9984862188209,192.58380012122475,1.0
40,2018-01-25,1003.3178051171074,36.87662849725572,30.39913463595753,351.73553312190325,281.35210145395297,192.62232270542418,1.0
41,2018-01-26,1003.9222215639207,36.88599663328186,30.449732629592248,354.21549286188736,282.66377230201385,192.67463541951318,1.0
42,2018-01-29,1004.4850723529156,36.894013683945815,30.49370556720698,356.53062908421253,283.910670394994,192.72343955107561,1.0
43,2018-01-30,1005.0446080357839,36.901419497594496,30.53438224887914,358.6666894427553,285.10174790770003,192.77490833794482,1.0
44,2018-01-31,1005.5457051328178,36.90777476324145,30.568424188776902,360.59995437031256,286.2160390916467,192.81895056527972,1.0
45,2018-02-01,1006.0202726338576,36.91398775676765,30.59912764284284,362.335506631285,287.25813926766705,192.85830630316,1.9999999701976785
46,2018-02-02,1006.4323604434419,36.919761939092375,30.624173841469965,363.8727394992915,288.2157641699717,192.88698546391475,1.9999999701976785
47,2018-02-05,1006.8109997943776,36.925817333758815,30.646266272430633,365.2282807114761,289.09586800778766,192.90931901021253,1.9999999701976785
48,2018-02-06,1007.1372097360195,36.931837077097576,30.664061327872375,366.4139671561051,289.89538293719266,192.92359754053572,1.9999999701976785
49,2018-02-07,1007.3828074928014,36.93787414631522,30.67608716055426,367.44602017812394,290.60481539915855,192.91835441823395,1.9999999701976785
50,2018-02-08,1007.6064940600135,36.94500707737163,30.68668996219747,368.3472721504989,291.2417668259366,192.90708170528512,1.9999999701976785
51,2018-02-09,1007.8035985493403,36.95251284801381,30.69503714535247,369.12909060712616,291.8134878990657,192.89660982540022,1.9999999701976785
52,2018-02-12,1007.9323628693627,36.95981337362933,30.698560435378536,369.80715312874145,292.31255392065,192.87202820063607,1.9999999701976785
53,2018-02-13,1008.8253072599471,36.96949087655037,30.686110366653264,371.3180162945027,293.3910364053699,192.97683318779704,1.9999999701976785
54,2018-02-14,1009.3757723226223,36.98190920023327,30.672066410181433,372.4817976272384,294.3085730950773,193.10099463331866,1.9999999701976785
55,2018-02-15,1009.7230100086657,36.996035122555185,30.653243889911327,373.51158973491226,295.0525768066206,193.14079208629695,1.9999999701976785
56,2018-02-16,1010.0631276514716,37.01237542547319,30.63860329096752,374.40141693505336,295.6501683114804,193.1806254510718,1.9999999701976785
57,2018-02-20,1010.2611855618218,37.027015126741716,30.618025711997387,375.14221839878076,296.11578452223193,193.18847217862617,1.9999999701976785
58,2018-02-21,1010.4338684777839,37.04223424538259,30.599949382247427,375.7783366664231,296.4782605937241,193.18091633662416,1.9999999701976785
59,2018-02-22,1010.5171484921126,37.05663404986671,30.57889952589201,376.315547086269,296.752284795492,193.14565095237523,1.9999999701976785
60,2018-02-23,1010.6329935199215,37.071781865852216,30.56264334311175,376.782176911718,296.9626125655721,193.11848008707713,1.9999999701976785
61,2018-02-26,1010.7033979769461,37.08563090730213,30.54515745695094,377.1715807717463,297.1194335284203,193.08778986571346,1.9999999701976785
62,2018-02-27,1010.7224139155188,37.0988991986198,30.526800240322938,377.5104431794573,297.2296116625601,193.0355310193193,1.9999999701976785
63,2018-02-28,1010.7728577599294,37.11249235016634,30.51208215534381,377.8120319815635,297.30597906305286,192.99232194566522,1.9999999701976785
64,2018-03-01,1010.7950575999006,37.12503895199091,30.496711637947275,378.0686772407937,297.35476164844647,192.94824380653372,2.9999999403953566
65,2018-03-02,1010.8251472175133,37.13719672111074,30.483299967523667,378.2961309477229,297.3816181728665,192.9078430353728,2.9999999403953566
66,2018-03-05,1010.8369993779393,37.148514851485146,30.46982979514339,378.49448468369155,297.39026098526085,192.8656789949994,2.9999999403953566
67,2018-03-06,1010.8371655705947,37.159359518900324,30.456836936740693,378.67338310862664,297.3835774681446,192.81903675359155,2.9999999403953566
68,2018-03-07,1010.8569512435714,37.16989298687573,30.445923416095845,378.8350012793663,297.365943810642,192.7817028498592,2.9999999403953566
69,2018-03-08,1010.8668878149691,37.17953117337932,30.435126899364334,378.97562442778434,297.3399122526548,192.74737476350117,2.9999999403953566
70,2018-03-09,1010.8626542757469,37.18855928903256,30.424409805819028,379.1032487496777,297.3059983982036,192.70869416739677,2.9999999403953566
71,2018-03-12,1010.8474782622125,37.19725054961769,30.413836836299417,379.22227587322675,297.2649047577663,192.66509724633954,2.9999999403953566
72,2018-03-13,1011.1338457014632,37.20981714284096,30.396400541201213,379.6366699915582,297.35653403726707,192.6552717787932,2.9999999403953566
73,2018-03-14,1011.2627499731952,37.22166804399074,30.37664935079778,379.9224896315881,297.38753472900225,192.64285707071292,2.9999999403953566
74,2018-03-15,1011.3976284335406,37.23343198255617,30.35969811828069,380.19110342726174,297.37641057225903,192.62143568404846,2.9999999403953566
75,2018-03-16,1011.5693666754615,37.24403008938737,30.345882745613057,380.4257634409256,297.33105030855177,192.62410033935527,2.9999999403953566
76,2018-03-19,1011.701656029175,37.25261139727965,30.331260355887547,380.6258400508634,297.2632612699508,192.62271055282733,2.9999999403953566
77,2018-03-20,1011.8191892244837,37.260268102982025,30.31773555585237,380.81264881408873,297.1774454257817,192.61176104604777,2.9999999403953566
78,2018-03-21,1011.8263704965942,37.26737471203015,30.299606535598393,380.98911460966536,297.07582631838284,192.55205050186174,2.9999999403953566
79,2018-03-22,1011.9349380354921,37.275861727158556,30.288769726128514,381.1805081637521,296.9595318315493,192.51282404644923,2.9999999403953566
80,2018-03-23,1012.0682595330657,37.28309194968865,30.279481475074533,381.3424983836877,296.8400728250397,192.50267178155391,2.9999999403953566
81,2018-03-26,1012.0671311724051,37.289225644000005,30.264005576669962,381.4833905522936,296.71683701907966,192.4451195363428,2.9999999403953566
82,2018-03-27,1012.1174175711421,37.29687135443309,30.252901052948047,381.64588446960227,296.5821999192153,192.38466920914706,2.9999999403953566
83,2018-03-28,1012.2150163947824,37.304269171522286,30.24435821755386,381.7956771997431,296.44440474472515,192.3520002477914,2.9999999403953566
84,2018-03-29,1012.2143953590701,37.31083601280549,30.230980253555614,381.92413720136904,296.306184196918,192.29030737243372,2.9999999403953566
85,2018-04-02,1012.2547889213188,37.31846273140981,30.220898545499946,382.06791990603614,296.1601329130489,192.22909212397067,3.999999910593035
86,2018-04-03,1012.2805400359268,37.32591685760535,30.209936208652845,382.200020265949,296.01125225211706,192.16913737956781,3.999999910593035
87,2018-04-04,1012.3053464764936,37.33350259384233,30.199391908966305,382.3297509586751,295.8590975056548,192.10786467223022,3.999999910593035
88,2018-04-05,1012.3201463698077,37.341129312446654,30.188540764579894,382.4549197558749,295.70360422315946,192.04378007121983,3.999999910593035
89,2018-04-06,1012.3325758310367,37.348894304891985,30.1778234773195,382.5783256122691,295.54448237736955,191.97819794829172,3.999999910593035
90,2018-04-09,1012.3003169619217,37.35682589232649,30.16490035634859,382.6967689047721,295.38141616082254,191.8952488805339,3.999999910593035
91,2018-04-10,1012.2480887332108,37.36561411119533,30.151224845974713,382.8214111092638,295.21049342801246,191.79648425755894,3.999999910593035
92,2018-04-11,1012.3583007046992,37.374793495098736,30.14603270046291,382.9600080205221,295.03344145240817,191.7584177531762,3.999999910593035
93,2018-04-12,1011.760768132613,37.41395198049373,30.096333932268102,382.98139226354107,294.25552388641364,191.5501185594297,3.999999910593035
94,2018-04-13,1011.5555989260073,37.44042359108327,30.066642639538546,383.1728487797994,293.60172509826435,191.37260295771802,3.999999910593035
95,2018-04-16,1011.2269748173709,37.46734700728345,30.030189915366847,383.37249037836955,293.00089817817565,191.13326519818094,3.999999910593035
96,2018-04-17,1010.9621511944516,37.495293649907126,30.000021114944627,383.6129543594909,292.3831916714644,190.89807525114972,3.999999910593035
97,2018-04-18,1010.6246488992231,37.5215263632822,29.967015938199463,383.82534293589924,291.74233454423074,190.6612656820924,3.999999910593035
98,2018-04-19,1010.308436757852,37.54658491517358,29.93676403400436,384.0392197090915,291.0688525725972,190.43643987955633,3.999999910593035
99,2018-04-20,1009.9871338730358,37.569569359449765,29.90692726124349,384.2367892798317,290.3667610228738,190.2307730204997,3.999999910593035
100,2018-04-23,1009.5981293485911,37.590692937696886,29.874855210078685,384.4129517122178,289.6343326215917,190.0230376419596,3.999999910593035
101,2018-04-24,1009.1379593796996,37.610890247804214,29.8409891634811,384.57695672164556,288.86304701231137,189.8050135336972,3.999999910593035
102,2018-04-25,1008.6176888984195,37.630607097962766,29.806033856941987,384.73015513288817,288.0493465272911,189.58194381801428,3.999999910593035
103,2018-04-26,1008.0261392619283,37.649934449036635,29.76965958738105,384.86554097339337,287.1927542328119,189.35587905849593,3.999999910593035
104,2018-04-27,1007.4165446018513,37.66905455594397,29.734437341450253,384.99432723354505,286.3007012718199,189.14214640992574,3.999999910593035
105,2018-04-30,1006.765253079228,37.687482294076304,29.698978763111725,385.1015804309993,285.3829454504038,188.9436295895697,3.999999910593035
106,2018-05-01,1006.0505371911077,37.70530262687812,29.662762565062845,385.18324809143684,284.4418134317063,188.75309596159502,4.999999880790714
107,2018-05-02,1005.2178332646217,37.72265182905055,29.62398177295991,385.22405902632045,283.46896532069513,188.55618439854643,4.999999880790714
108,2018-05-03,1004.3217312135843,37.740179954241356,29.585499689523143,385.2437375668716,282.46682445626686,188.35949548863667,4.999999880790714
109,2018-05-04,1003.316860443066,37.75740354379195,29.545195134535614,385.21712746360737,281.43667984847286,188.1600736910066,4.999999880790714
110,2018-05-07,1002.2994115126272,37.7749386659723,29.50728102373775,385.1784171757227,280.397202807907,187.97222267423703,4.999999880790714
111,2018-05-08,1001.2217483590355,37.79189603673019,29.46902171265253,385.09725321265825,279.359478821011,187.79481121673544,4.999999880790714
112,2018-05-09,1000.2128802178053,37.80912395775051,29.4356234879932,385.02651235091537,278.35357404723277,187.6450446602469,4.999999880790714
113,2018-05-10,999.155991146141,37.82509941764223,29.401384346135544,384.9066094807973,277.38101596348315,187.50898922769548,4.999999880790714
114,2018-05-11,998.3139716839696,37.83656415160711,29.382574804776354,384.93992791725697,276.3910304638392,187.32824156429092,4.999999880790714
115,2018-05-14,997.283752160009,37.848612634414046,29.354912096451518,384.8484782248817,275.4010320740947,187.16844843419517,4.999999880790714
116,2018-05-15,996.2343417578386,37.86239037320859,29.328848699895712,384.71598292043774,274.4417443488238,187.01333820237443,4.999999880790714
117,2018-05-16,995.1481153090018,37.87627606555613,29.302550714367975,384.53482930499155,273.531625911962,186.86055505497254,4.999999880790714
118,2018-05-17,993.9507672025628,37.889522699525195,29.273790416352806,384.267967002456,272.64812553266074,186.68340575358604,4.999999880790714
119,2018-05-18,992.8366553755432,37.90425136251795,29.25026836804046,384.0111099613757,271.8104301255345,186.51030371167496,4.999999880790714
120,2018-05-21,991.7273893764761,37.91849356814231,29.226921438167935,383.70360271513636,271.025687251318,186.34285059536708,4.999999880790714
121,2018-05-22,990.7175940551684,37.93340581881312,29.20771536202299,383.4057458526576,270.3035387051954,186.19081441333424,4.999999880790714
122,2018-05-23,989.712224706684,37.9474231212021,29.18784503684025,383.061188230331,269.63219649024717,186.04250587578716,4.999999880790714
123,2018-05-24,988.7638856799538,37.961576365102246,29.169947312401707,382.7105805156942,269.0046806170451,185.8983810625425,4.999999880790714
124,2018-05-25,987.8577333467545,37.975387422894634,29.152536975125336,382.341971343805,268.4182197139787,185.7618551854558,4.999999880790714
125,2018-05-29,986.9868400974495,37.988848298019775,29.135283934500666,381.9569748357908,267.86718725217395,185.6297177299121,4.999999880790714
126,2018-05-30,986.1525267263006,38.00201663234393,29.118061888290125,381.55878489090327,267.34715870462946,185.5022344432061,4.999999880790714
127,2018-05-31,985.3389874370789,38.0147771421346,29.10010198130824,381.1404699464294,266.8521885124834,185.37612298712978,4.999999880790714
128,2018-06-01,984.7335650873513,38.02839161783976,29.088445950729923,380.80567718453915,266.423019060934,185.29437337337797,5.999999850988392
129,2018-06-04,984.1493366746804,38.03994031567918,29.074078877490802,380.4510570624194,266.0490192395828,185.23161032648198,5.999999850988392
130,2018-06-05,983.6695297315039,38.05108185536506,29.06224656618213,380.1449178124545,265.72412103361285,185.1845012317185,5.999999850988392
131,2018-06-06,983.1829526243645,38.06072304057846,29.047868644898063,379.8223797786969,265.4262082530681,185.1361495887931,5.999999850988392
132,2018-06-07,982.7401454144733,38.07001037803485,29.034234008407815,379.51966338133514,265.14985094310725,185.08560732627583,5.999999850988392
133,2018-06-08,982.2269162535939,38.07834945681287,29.016423262043922,379.16792234760896,264.8686791806045,185.01246577016607,5.999999850988392
134,2018-06-11,981.7668512484847,38.087215975326615,29.000580079831924,378.8363292088043,264.59668839219256,184.93379379738184,5.999999850988392
135,2018-06-12,981.3362285843303,38.09567966715654,28.984648950969838,378.5035340649049,264.3462724095153,184.85815278022957,5.999999850988392
136,2018-06-13,979.9543366545214,38.130057542742236,28.941977972463594,377.50618464712164,263.5842966753309,184.72533659173035,5.999999850988392
137,2018-06-14,978.6617601565273,38.15881583615316,28.89261336279611,376.51930984516406,262.9493367690822,184.57198244676272,5.999999850988392
138,2018-06-15,977.5398460216848,38.185885855943816,28.84434595538877,375.5397729981182,262.4029060731608,184.40522601930866,5.999999850988392
139,2018-06-18,976.4473479868514,38.21004679403353,28.791631236984163,374.4311751468991,261.8977204763577,184.21212828905763,5.999999850988392
140,2018-06-19,975.3242267685116,38.232207592683245,28.734592022948263,373.18782107689105,261.4199102305203,183.96387363042788,5.999999850988392
141,2018-06-20,974.172765328932,38.25315458024185,28.67444949319774,371.81712315284506,260.9674838151193,183.65106392625242,5.999999850988392
142,2018-06-21,973.017271530713,38.2732346074768,28.612802765786544,370.3417019658775,260.55236779565485,183.27181380721044,5.999999850988392
143,2018-06-22,971.9264616633794,38.292285410868644,28.553194114819387,368.83642526189,260.2050472598416,182.83788079550465,5.999999850988392
144,2018-06-25,970.7878757811038,38.31065150885498,28.490109440307712,367.2325269017952,259.89240431693497,182.31982440029265,5.999999850988392
145,2018-06-26,969.6296266835975,38.329625012171846,28.425768136018213,365.54845480188067,259.60364350775484,181.7004069592124,5.999999850988392
146,2018-06-27,968.4426262567039,38.34972436442554,28.359837108856546,363.76267589944905,259.328014488473,180.96777039703073,5.999999850988392
147,2018-06-28,967.3381273627529,38.37036981505374,28.298833224965886,362.00228792368557,259.10217992747505,180.14645683553553,5.999999850988392
148,2018-06-29,966.2096967264215,38.39164166284123,28.237365974583998,360.1757896677109,258.8870602625291,179.21181641754916,5.999999850988392
149,2018-07-02,965.1949856013061,38.412664284524915,28.18425133137959,358.46651552764314,258.71983054351614,178.1976098230435,6.99999982118607
150,2018-07-03,964.1681074244177,38.43323043593827,28.132730769636826,356.74654926606587,258.55058674629794,177.08444109068165,6.99999982118607
151,2018-07-05,963.290312806422,38.45172214654645,28.09303777318307,355.2553131263518,258.4306572511196,175.92742046350682,6.99999982118607
152,2018-07-06,962.3068196595798,38.46946851117307,28.05046374907852,353.6458054091481,258.25119160419416,174.66972111459893,6.99999982118607
153,2018-07-09,961.358191982448,38.486378235764064,28.01464369838522,352.0758264880604,258.0446438560897,173.34784738518914,6.99999982118607
154,2018-07-10,960.4647577608793,38.50047783607769,27.986901954304354,350.6045321852515,257.8359112359482,172.01869792579075,6.99999982118607
155,2018-07-11,959.5679122163834,38.51177430910351,27.963737794617646,349.17155894962997,257.60398287993246,170.6907981969136,6.99999982118607
156,2018-07-12,958.6725274178589,38.520499221876456,27.945327500055452,347.78446224179135,257.3472281903276,169.3835279995861,6.99999982118607
157,2018-07-13,957.4960408631658,38.52700942086334,27.919534917193097,345.91927659326717,256.8963389194128,167.774499953483,6.99999982118607
158,2018-07-16,956.3108598084999,38.535296855194716,27.898004841133773,343.974558274307,256.5528177407259,166.17515372773988,6.99999982118607
159,2018-07-17,955.0253421248701,38.54318546112202,27.878008891716267,341.91674558551557,256.1570594297077,164.59700084875286,6.99999982118607
160,2018-07-18,953.9348471488837,38.54723971677852,27.875099872235214,340.4030433981972,255.85802198789318,163.1081013534146,6.99999982118607
161,2018-07-19,952.6708207996942,38.54891266365979,27.8650503208842,338.8205435907058,255.4919173531065,161.70472221046984,6.99999982118607
162,2018-07-20,951.4427095580389,38.5496973260588,27.860037846116803,337.46253254424323,255.13517415381776,160.40609957376063,6.99999982118607
163,2018-07-23,950.1248761499121,38.5499188973944,27.85140444891883,336.05338190483286,254.7557024847985,159.2456547567812,6.99999982118607
164,2018-07-24,948.858886103294,38.549628355733276,27.84710862312061,334.8258971639924,254.41486566954353,158.23372137899952,6.99999982118607
165,2018-07-25,947.5915927563783,38.54880604286672,27.841854198207923,333.65638341172155,254.10448493927706,157.37682640944544,6.99999982118607
166,2018-07-26,946.4508113816548,38.54699948680413,27.842140315393348,332.7870103316094,253.85909609580003,156.6605297147111,6.99999982118607
167,2018-07-27,945.408437926394,38.54389915405564,27.843596181139493,332.15728272438747,253.6694956073458,156.07092894054253,6.99999982118607
168,2018-07-30,944.4679536893779,38.5401777551875,27.845109192836688,331.70530591342686,253.51596806517878,155.58703274403945,6.99999982118607
169,2018-07-31,943.6526562568015,38.53579863930211,27.847925713363075,331.4416632673951,253.3941372801747,155.19237287308175,6.99999982118607
170,2018-08-01,942.9378354048988,38.53104201917125,27.8501537274512,331.2858290306947,253.29506719015245,154.87378406304046,7.9999997913837495
171,2018-08-02,942.3141887184571,38.52636569782518,27.851642912192535,331.1842367048533,253.2087325194376,154.61870885644382,7.9999997913837495
172,2018-08-03,941.8099295874794,38.52113728068498,27.855500360745925,331.22691360955065,253.1388778422294,154.4145763288964,7.9999997913837495
173,2018-08-06,941.3920381554283,38.51546238897381,27.859176395119118,331.356318043751,253.0851873510652,154.2526913366494,7.9999997913837495
174,2018-08-07,941.0252072300092,38.510499857436336,27.860187781595148,331.4445709749576,253.033127457616,154.12613367650047,7.9999997913837495
175,2018-08-08,940.749563590524,38.505455027974214,27.863412750385226,331.60813238726706,252.98179585484579,154.02742471681023,7.9999997913837495
176,2018-08-09,940.5381402918854,38.500063014554655,27.866882090759198,331.8265481606505,252.94059264855412,153.95309448023343,7.9999997913837495
177,2018-08-10,940.4518775567411,38.49267386040489,27.87588974550777,332.3050349077841,252.9123891086304,153.89544168199183,7.9999997913837495
178,2018-08-13,940.4079064789099,38.49209910769225,27.883008000142574,332.6618415344096,252.75241007115636,153.85152604373988,7.9999997913837495
179,2018-08-14,940.4229425407344,38.49053011608422,27.88591207988888,333.0062789562267,252.7110940764852,153.80437565041032,7.9999997913837495
180,2018-08-15,940.4936531421243,38.48936461753997,27.888363641188903,333.33519334082024,252.66632353487643,153.75485597630092,7.9999997913837495
181,2018-08-16,940.5489734289242,38.489360952450205,27.886444796381713,333.50760380016055,252.6155107586519,153.7074272665478,7.9999997913837495
182,2018-08-17,940.6607598571482,38.48866525177542,27.887937952282357,333.7287641518437,252.5515242997025,153.66725812647485,7.9999997913837495
183,2018-08-20,940.8000511698439,38.486893680660565,27.88958695197154,333.98002328348264,252.4955071453956,153.6399498985548,7.9999997913837495
184,2018-08-21,940.9191544483972,38.48594808750202,27.88729607733726,334.1177444481719,252.44170064332678,153.62319076088232,7.9999997913837495
185,2018-08-22,940.915625041215,38.48895679300647,27.875621450110472,333.8502210428342,252.38266720549973,153.60879910839986,7.9999997913837495
186,2018-08-23,940.9320343791921,38.49238331874378,27.869293359320856,333.5167991391354,252.2954592304751,153.6037508075946,7.9999997913837495
187,2018-08-24,940.9638121643047,38.49413023380024,27.866606337331,333.2316806687441,252.22018748852605,153.61274312146008,7.9999997913837495
188,2018-08-27,940.9711727495434,38.49554962310799,27.862516430671647,332.91392203619665,252.16282009619036,153.6278844326963,7.9999997913837495
189,2018-08-28,941.0861255852021,38.4942831680003,27.865636405883862,332.8390285330431,252.09826969534348,153.6589481367445,7.9999997913837495
190,2018-08-29,941.1924014148517,38.492235049203416,27.864555088260953,332.74326020807746,252.06315383901935,153.7009909748044,7.9999997913837495
191,2018-08-30,941.3328473291535,38.490044658285775,27.863405098639237,332.6468021611408,252.02444486717707,153.75522586780576,7.9999997913837495
192,2018-08-31,941.4877607514587,38.487603708504416,27.86147676179272,332.5057926539423,251.99133019895768,153.82508149452778,7.9999997913837495
193,2018-09-04,941.6049834289112,38.486166993317795,27.856514265518104,332.2142062513745,251.9688853114384,153.9026024942314,8.999999761581428
194,2018-09-05,941.6512593364636,38.48664712007659,27.848708322319823,331.7050826839092,251.9527307929698,153.97740676652316,8.999999761581428
195,2018-09-06,941.7038855528492,38.48699863550374,27.844912862594693,331.17645229090635,251.92547789795896,154.05915548248004,8.999999761581428
196,2018-09-07,941.7370584815691,38.48683803793418,27.842100797515332,330.63563585577623,251.91099909255706,154.14446305747873,8.999999761581428
197,2018-09-10,941.7310580520102,38.487054278230126,27.838409653365254,330.03873729722534,251.90882388809538,154.2231296434935,8.999999761581428
198,2018-09-11,941.745298138485,38.48661580021862,27.837751603210286,329.5080549098107,251.90171177513702,154.30284754735334,8.999999761581428
199,2018-09-12,941.7310886664468,38.486120013530844,27.83585629478632,328.9551525996446,251.91019990632523,154.37468999422157,8.999999761581428
200,2018-09-13,941.7935377434659,38.483808674651065,27.839399343751396,328.5997139692936,251.90355505951047,154.4582316066231,8.999999761581428
201,2018-09-14,941.7899514809017,38.49243096491068,27.841663873133665,327.913185897511,251.79377651848657,154.50455961981078,8.999999761581428
202,2018-09-17,941.785871013862,38.49528973492488,27.839366412186383,327.2833295040289,251.7487836226439,154.5512548311186,8.999999761581428
203,2018-09-18,941.8493434877593,38.4951924434512,27.83850873863292,326.7403237024762,251.69771626693424,154.60098548703297,8.999999761581428
204,2018-09-19,941.9829099008249,38.491886865676044,27.839350818121776,326.30656013061787,251.65090586691917,154.67126666854455,8.999999761581428
205,2018-09-20,942.1576439840343,38.486445873329664,27.839900872115013,325.91462347413994,251.61894486269577,154.76489321122276,8.999999761581428
206,2018-09-21,942.2868019182405,38.48164860402145,27.83636712147418,325.3668268237096,251.61567722221557,154.85878191001603,8.999999761581428
207,2018-09-24,942.5057957296824,38.47463528816726,27.839090658758185,324.9457644390191,251.58787327540776,154.9939610947307,8.999999761581428
208,2018-09-25,942.7147829938718,38.46666038603558,27.840142434830128,324.49943132817003,251.5887272445668,155.15107161362138,8.999999761581428
209,2018-09-26,942.9444874846065,38.457968792260466,27.84226661763092,324.0710452981523,251.59141160799874,155.33353765649267,8.999999761581428
210,2018-09-27,943.1845571488502,38.44854384734301,27.84477609974235,323.6500258422152,251.60160123245473,155.53967765346934,8.999999761581428
211,2018-09-28,943.3780010262669,38.440024179596726,27.84505417775161,323.1326256110975,251.629869222881,155.7444951985367,8.999999761581428
212,2018-10-01,943.6497391383499,38.42928513340468,27.850806159868608,322.7686441588232,251.6330337425571,155.9913896978707,9.999999731779107
213,2018-10-02,944.0702765324148,38.41318739279092,27.86218343443485,322.7111339388732,251.62186769298722,156.32676009045733,9.999999731779107
214,2018-10-03,944.5426179265703,38.394550411352185,27.87073024098835,322.7313562436339,251.63739059653068,156.72441680084026,9.999999731779107
215,2018-10-04,945.0495405135257,38.37514709296325,27.87713920782733,322.7309527133521,251.6615627575188,157.17295334462835,9.999999731779107
216,2018-10-05,945.6033425497822,38.35447598670672,27.883718837659103,322.72262167327875,251.68316012092927,157.68118427229402,9.999999731779107
217,2018-10-08,946.1878814803091,38.33260672928806,27.890186887600017,322.69426007687645,251.70788333371434,158.24647186237792,9.999999731779107
218,2018-10-09,946.8278631553821,38.30865536769472,27.898039709849666,322.695413429384,251.7282625826263,158.88240513870875,9.999999731779107
219,2018-10-10,947.438936055394,38.285167140171275,27.903136450680478,322.5988122866027,251.7669393292173,159.54481079589408,9.999999731779107
220,2018-10-11,948.2091865313699,38.266488843175225,27.920315492141416,322.9298502135303,251.35695356975725,160.14518241565412,9.999999731779107
221,2018-10-12,949.0248076022752,38.23900899971121,27.928307111251833,323.2447927198558,251.13905608815057,160.78127370388995,9.999999731779107
222,2018-10-15,949.8460486090283,38.21105236138818,27.93140374379591,323.40784471095844,250.96303209806226,161.44112244115823,9.999999731779107
223,2018-10-16,950.662994847686,38.18239369178078,27.932817960798072,323.4102029304777,250.80396825772468,162.14569034312711,9.999999731779107
224,2018-10-17,951.566208194979,38.149143997461756,27.93826038620396,323.41068945634936,250.6444274836681,162.96553152096223,9.999999731779107
225,2018-10-18,952.4552164437246,38.1138808361036,27.942238325542274,323.2945356973602,250.52092743064748,163.858925444978,9.999999731779107
226,2018-10-19,953.3016181438098,38.078525047931464,27.945043126305823,323.0297540084053,250.42009784190515,164.79013808198013,9.999999731779107
227,2018-10-22,954.0206812819166,38.046439186206804,27.944598550178164,322.520444416342,250.34269601084623,165.68405452263627,9.999999731779107
228,2018-10-23,954.7796568982696,38.01212028524727,27.949967363850497,322.0419490834577,250.24501805167944,166.61625473404453,9.999999731779107
229,2018-10-24,955.5748187785947,37.97420959632118,27.958358810903178,321.638876708352,250.1552675043285,167.59139827181212,9.999999731779107
230,2018-10-25,956.5502209672126,37.92745138071012,27.97400479115528,321.5285784313243,250.05982275507571,168.69567703892872,9.999999731779107
231,2018-10-26,957.481477138362,37.879499345406636,27.9842281049405,321.36735091224045,250.00713446922646,169.7943248363404,9.999999731779107
232,2018-10-29,958.4094269503669,37.8315589717524,27.993444390839176,321.16669762604886,249.9518230479227,170.87686798857243,9.999999731779107
233,2018-10-30,959.1457478836917,37.79097509963005,27.995136588993052,320.6401678800449,249.90452926913835,171.81127138870133,9.999999731779107
234,2018-10-31,959.7981065381024,37.75574025942005,27.997843079349284,319.95751627469286,249.823402199031,172.63657115961772,9.999999731779107
235,2018-11-01,960.4317291573602,37.722286652834285,28.004350744025754,319.28831281681755,249.71946609606488,173.40229685117512,10.999999701976785
236,2018-11-02,961.0353058939146,37.69032673692144,28.012623637444392,318.6638396890098,249.6100742580564,174.10780564221457,10.999999701976785
237,2018-11-05,961.5964160335184,37.66073246985484,28.021222940786817,318.0690489322501,249.49794971873902,174.74443919857887,10.999999701976785
238,2018-11-06,962.0613880954534,37.636011439411526,28.02777593479395,317.4068972375973,249.38379821111587,175.27786584273034,10.999999701976785
239,2018-11-07,962.5298414561702,37.61340349981087,28.037165983126833,316.83758183405405,249.2586578928049,175.7710964129614,10.999999701976785
240,2018-11-08,962.9307856108595,37.594378018857384,28.045359356501724,316.2700594214438,249.13943090810457,176.19243874878362,10.999999701976785
241,2018-11-09,963.2667309433162,37.57971032963068,28.052797725319948,315.6944163196518,249.01998479169546,176.54080831394003,10.999999701976785
242,2018-11-12,963.6305966418834,37.566219134217505,28.06337456914132,315.2740880166442,248.90049678245973,176.88035794185453,10.999999701976785
243,2018-11-13,963.4260397240081,37.55719135175424,28.06448939947451,314.37395076089877,248.71764426162432,177.39055324479355,10.999999701976785
244,2018-11-14,963.2971441992579,37.53463039194053,28.062781607256024,313.7579317355907,248.3920628803272,177.85720908554987,10.999999701976785
245,2018-11-15,963.3209972188015,37.506170636750205,28.06071641069962,313.31461794706297,248.0497437035132,178.30741014110978,10.999999701976785
246,2018-11-16,963.4844258279513,37.474706840715115,28.059449320307028,312.94709201071754,247.71532615831399,178.7371630196928,10.999999701976785
247,2018-11-19,963.7369686883334,37.443537584620884,28.058495079782045,312.53367523700473,247.38719575964032,179.12294549453406,10.999999701976785
248,2018-11-20,964.1078582133374,37.41197416478227,28.061203991576882,312.146980181315,247.0642375137977,179.49963510247937,10.999999701976785
249,2018-11-21,964.5991324497378,37.37900701556489,28.068227810106137,311.8550288843434,246.75650892171188,179.8898239547619,10.999999701976785
250,2018-11-23,965.1375529183861,37.34717171270394,28.076269213994248,311.5554047881837,246.46358138754078,180.25950717119298,10.999999701976785
251,2018-11-26,965.6906945575117,37.318355444236786,28.084924016709476,311.1884125993387,246.17778852400394,180.5950705896863,10.999999701976785
252,2018-11-27,966.3395806601225,37.28919465733202,28.098836343778807,310.9537268284228,245.90845954134807,180.96140682667541,10.999999701976785
253,2018-11-28,967.000581332615,37.261965039541735,28.11334482903239,310.73870099559826,245.65948402740315,181.3170018453052,10.999999701976785
254,2018-11-29,967.6709325287203,37.23765783105152,28.128873999086245,310.5234304688795,245.42299902085588,181.65932745509593,10.999999701976785
255,2018-11-30,968.2224122412917,37.22161273445433,28.140315296489174,310.030103251701,245.18846041948618,181.9073810076648,10.999999701976785
256,2018-12-03,968.8520987187106,37.20725124681773,28.158959017732776,309.6703316791752,244.97775883649118,182.18882175752108,11.999999672174463
257,2018-12-04,969.4758110075163,37.19528206322563,28.179231979726552,309.38532553902195,244.80188952760903,182.4695801832422,11.999999672174463
258,2018-12-05,970.0909337601314,37.18648484822738,28.20064476129991,309.1554098680862,244.6495253170134,182.74120983027075,11.999999672174463
259,2018-12-06,970.5701634025049,37.18585978382801,28.21737641776441,308.681559426318,244.5023300367237,182.9181472520574,11.999999672174463
260,2018-12-07,971.1520213830905,37.186073358604126,28.242287403259894,308.45064279994926,244.38972534116218,183.14864711845428,11.999999672174463
261,2018-12-10,971.7873584107937,37.185642543962125,28.270628017536254,308.49859564843746,244.32003179021038,183.42851493162001,11.999999672174463
262,2018-12-11,972.3562883521842,37.18903441794168,28.295390132986377,308.5323469498271,244.25916151306015,183.671978956585,11.999999672174463
263,2018-12-12,972.9673087703048,37.19420186131583,28.322579207920313,308.7005403746267,244.21110077329524,183.93426794532115,11.999999672174463
264,2018-12-13,973.7591992794127,37.20500687912359,28.357222148879536,309.32031351941816,244.18224306077047,184.40578624333543,11.999999672174463
265,2018-12-14,974.5274729374873,37.201741617335806,28.389891036231404,310.21598904672857,244.13227780865472,184.90162400999876,11.999999672174463
266,2018-12-17,975.3432164661386,37.1968827078816,28.422082415890603,311.23926600059724,244.07021841973207,185.37730089405784,11.999999672174463
267,2018-12-18,976.195023801016,37.19382802216013,28.45430633968464,312.2705005143848,243.992059295268,185.83117213522902,11.999999672174463
268,2018-12-19,977.1196672538762,37.19189918537549,28.49027477613558,313.3905760833004,243.90916950391542,186.3009127993122,11.999999672174463
269,2018-12-20,978.0198279044986,37.19378104237319,28.524992200546258,314.4120858034881,243.8109759407281,186.7331220447818,11.999999672174463
270,2018-12-21,978.9548015429402,37.19829609976974,28.563191944241822,315.4598765064974,243.7098788824001,187.1669832328944,11.999999672174463
271,2018-12-24,979.8835823182221,37.20540870623748,28.60246322294834,316.5065768191708,243.6080889811695,187.5900493349528,11.999999672174463
272,2018-12-26,980.7194963870523,37.21781836698094,28.637671133962606,317.3441983623217,243.49313184226423,187.93647248073415,11.999999672174463
273,2018-12-27,981.5124015460564,37.235086603988634,28.672765721650208,318.04347913577624,243.3829730432752,188.22997959424384,11.999999672174463
274,2018-12-28,982.2974344213827,37.25495338963744,28.710080477964862,318.7455874831203,243.29935173871846,188.5121852653674,11.999999672174463
275,2018-12-31,983.0527537993165,37.276177591258026,28.747683094900733,319.47368489776295,243.2420101265838,188.78422789805674,11.999999672174463
276,2019-01-02,983.7185740588162,37.29965548989214,28.781008676401946,320.09790331496725,243.19432642225894,189.00299897168816,1.0
277,2019-01-03,984.3087416721728,37.32581889975172,28.810783072904382,320.59623888670717,243.15573990637154,189.16651256391037,1.0
278,2019-01-04,984.8372955452783,37.354118723752435,28.837836547276506,320.9945476011457,243.13374939489537,189.28918366987364,1.0
279,2019-01-07,985.3313950568208,37.383226866640626,28.863930550816264,321.37302180056247,243.13842205633156,189.39962321791918,1.0
280,2019-01-08,985.7061070128996,37.413642113813864,28.882887896787825,321.5736335889591,243.14665238550947,189.44738949856023,1.0
281,2019-01-09,986.0660015817003,37.44469908488539,28.90206917740147,321.7597783874655,243.17838136792366,189.48875988822903,1.0
282,2019-01-10,986.4396114180641,37.47385487394049,28.923051814621246,322.0682815807834,243.2523512097208,189.56936750684935,1.0
283,2019-01-11,986.7462718552397,37.50060003350225,28.939718092243446,322.37604926145997,243.33958496494648,189.6447750973238,1.0
284,2019-01-14,988.0259115670566,37.472817986727875,28.945835033586807,322.2023910063546,243.70443925998336,189.8153561311144,1.0
285,2019-01-15,989.0362229602944,37.460339688848876,28.96899929013106,321.41180792924484,243.55576484065972,189.91914481443197,1.0
286,2019-01-16,989.7247503847135,37.44602784651904,28.99580519662033,320.5011960576737,243.136926804672,190.02680478942165,1.0
287,2019-01-17,990.2093244330059,37.42914377755638,29.02230057782305,319.66319960340985,242.53480765200675,190.11586604495866,1.0
288,2019-01-18,990.5421820808646,37.41111953248782,29.045560529620925,318.9261486817698,241.80366503825087,190.17454232940298,1.0
289,2019-01-22,990.8146855538606,37.393140934446286,29.06814577176624,318.41110810112974,241.02867352507292,190.22678681107848,1.0
290,2019-01-23,990.9170252416712,37.375028727223444,29.080765147478687,317.81124745859546,240.19395734242784,190.2288840599992,1.0
291,2019-01-24,991.0197672906477,37.35935247193228,29.094511363859798,317.3491795286727,239.40116298917806,190.22116302373288,1.0
292,2019-01-25,991.0334650642469,37.34443655617171,29.102356437505914,316.88268421331765,238.64565002913866,190.19845958593027,1.0
293,2019-01-28,990.9674253511726,37.33109096477907,29.105563003362604,316.33588350996575,237.9279952943077,190.14694411372548,1.0
294,2019-01-29,990.8861483956907,37.320010065669244,29.10824711962614,315.8071243307027,237.2876038219551,190.08700373404128,1.0
295,2019-01-30,990.833850191125,37.31064676089779,29.112813565402718,315.4436651782612,236.76052438942966,190.04763363144238,1.0
296,2019-01-31,990.795599639433,37.301767247974894,29.117884832699417,315.2688092109364,236.3369846892796,190.03349515712588,1.0
297,2019-02-01,990.6933824093685,37.292631511958646,29.11847353285277,315.0776374554089,235.95140955766715,190.01131244037379,1.9999999701976785
298,2019-02-04,990.6252259266829,37.284980803675886,29.12115125651839,314.9805397700468,235.6347432921377,189.99123056372207,1.9999999701976785
299,2019-02-05,990.5422608037014,37.27767128193095,29.122234705007273,314.9098733181431,235.36505499793003,189.9737271540653,1.9999999701976785
300,2019-02-06,990.4973188108834,37.27120939549092,29.12546800354615,314.9548311706036,235.1619118476237,189.9676329221844,1.9999999701976785
301,2019-02-07,990.4226283327453,37.26453793255452,29.126196953423435,314.99080975881463,234.98430882022248,189.96020995382978,1.9999999701976785
302,2019-02-08,990.3369341514222,37.258440222760825,29.126142132053445,314.99225788876214,234.8261940135352,189.94281427956278,1.9999999701976785
303,2019-02-11,990.2707282456923,37.253156829274204,29.127211826771056,315.0188994731121,234.7051785273886,189.92645286503753,1.9999999701976785
304,2019-02-12,990.1846142092397,37.247986054000265,29.126808899387385,315.0102564840975,234.60043679314037,189.90646076787726,1.9999999701976785
305,2019-02-13,990.1999651624113,37.24804636138634,29.138944181094164,315.0555949715047,234.27278493944826,189.82760205375075,1.9999999701976785
306,2019-02-14,990.0541442277539,37.24740730300788,29.14217573619724,314.9320517430997,234.07814764421832,189.81636884377818,1.9999999701976785
307,2019-02-15,989.9297184107363,37.24798971909003,29.146237554168792,314.71028037216007,233.9503551877267,189.8043204360231,1.9999999701976785
308,2019-02-19,989.8331604779378,37.24883435568513,29.151396768115582,314.4653761269804,233.88652179872088,189.79850990733522,1.9999999701976785
309,2019-02-20,989.6862986524386,37.24876238664981,29.152969928347694,314.08536507819247,233.83555273002762,189.7804462736517,1.9999999701976785
310,2019-02-21,989.5609893902526,37.24899595282463,29.156346382336825,313.67967691104724,233.8201667838021,189.75624531393137,1.9999999701976785
311,2019-02-22,989.3951903490175,37.24842753072157,29.15711543123739,313.18058722420625,233.80806459068242,189.72092247080792,1.9999999701976785
312,2019-02-25,989.3264040836378,37.248433194951204,29.164847568987028,312.85700315982456,233.8694504718532,189.70548039827528,1.9999999701976785
313,2019-02-26,989.2186500140533,37.246309108839256,29.16951435917935,312.5609221167775,233.9390505695763,189.69743974701936,1.9999999701976785
314,2019-02-27,989.0565859340742,37.24323976275874,29.170594127081554,312.1667173911624,233.97412936686143,189.66626471640174,1.9999999701976785
315,2019-02-28,988.9531441265486,37.24097040581623,29.175719634602977,311.8474219092438,234.03272937505872,189.63599466305814,1.9999999701976785
316,2019-03-01,988.810813237655,37.23764616940228,29.17767770671555,311.49688288061236,234.07617707010232,189.60170967085605,2.9999999403953566
317,2019-03-04,988.705665768666,37.2345624961527,29.18222245640224,311.2182638234834,234.1349607622319,189.57009292514041,2.9999999403953566
318,2019-03-05,988.6351476008771,37.23098603492514,29.188631520098763,311.0622492860188,234.21843383063273,189.55354836045254,2.9999999403953566
319,2019-03-06,988.646230026899,37.22720099677114,29.192520931641724,311.0919731548618,234.38334977660347,189.60703539028998,2.9999999403953566
320,2019-03-07,988.6780340529571,37.22007572908423,29.198306620184084,311.34788433240914,234.47500161378017,189.6465311841769,2.9999999403953566
321,2019-03-08,988.7198446262678,37.21199320658953,29.203639209134906,311.7437890366582,234.51790792460218,189.67779240310634,2.9999999403953566
322,2019-03-11,988.7595384299673,37.203749753335295,29.208047002254165,312.2028705563039,234.51843319619812,189.70342983469016,2.9999999403953566
323,2019-03-12,988.7986811738094,37.19571321105761,29.21144747691425,312.68033416814853,234.4861306043111,189.7231094992201,2.9999999403953566
324,2019-03-13,988.8049265188604,37.190928269778595,29.2154777193264,313.2996286573397,234.41326125484525,189.74058058825992,2.9999999403953566
325,2019-03-14,988.8446465635055,37.18546628646358,29.216411232336938,313.97332103186056,234.36067931232523,189.76324811426596,2.9999999403953566
326,2019-03-15,988.9140888525251,37.181262095316825,29.21601585984171,314.6323203250565,234.32193489270654,189.78441452717462,2.9999999403953566
327,2019-03-18,988.9973338789264,37.17831103167862,29.214423134385676,315.24012135600844,234.29492207581777,189.8041803800164,2.9999999403953566
328,2019-03-19,989.0899556698859,37.17641518070184,29.2120245541623,315.78422613364773,234.28178545213186,189.8231669468722,2.9999999403953566
329,2019-03-20,989.1881755292385,37.17538928875851,29.209181204096183,316.2650396192148,234.28457938141818,189.84194163412815,2.9999999403953566
330,2019-03-21,989.2892993865701,37.17507975526863,29.20618423796504,316.687967973719,234.30378724244596,189.86076300671965,2.9999999403953566
331,2019-03-22,989.3912717011424,37.17536196718029,29.203238800047384,317.05966372297644,234.33861307150855,189.8797388000365,2.9999999403953566
332,2019-03-25,989.4954045202352,37.17611897481109,29.200468674284643,317.3886353459078,234.3890294771423,189.8989695671091,2.9999999403953566
333,2019-03-26,989.6007794107527,37.17727147894618,29.19800210006527,317.6831680919162,234.45578086265186,189.91887547595755,2.9999999403953566
334,2019-03-27,989.7067053611277,37.178757839439584,29.195925086888483,317.95016061167036,234.5378021834823,189.9393200617548,2.9999999403953566
335,2019-03-28,989.8117653602981,37.18053140969431,29.194255456542393,318.1940374286857,234.6330632488028,189.96011658315865,2.9999999403953566
336,2019-03-29,989.9148135536398,37.18255720476265,29.19297693695959,318.41753739742825,234.73904082143775,189.98102443113189,2.9999999403953566
337,2019-04-01,990.0148702791838,37.184801239266804,29.192049041686616,318.6223819609085,234.8531601038096,190.00174912894255,3.999999910593035
338,2019-04-02,990.1112707663087,37.18723219334881,29.191424891672103,318.809797450515,234.97302192596027,190.0221147087873,3.999999910593035
339,2019-04-03,990.2034901961025,37.18982107948055,29.19105353984782,318.9807554870325,235.09652359024344,190.04193442932396,3.999999910593035
340,2019-04-04,990.2914323517648,37.19253824375396,29.19088946316803,319.1362920843761,235.22196360339134,190.0611256934203,3.999999910593035
341,2019-04-05,990.3750534983861,37.19535703097076,29.190892368894353,319.2776550383108,235.3480594004029,190.07963822456117,3.999999910593035
342,2019-04-08,990.4545548165495,37.198251119122666,29.191029131746696,319.40618515690056,235.47388611656618,190.09747561392618,3.999999910593035
343,2019-04-09,990.5301024989102,37.2011985176711,29.191272631612694,319.5233076747578,235.5987847454925,190.1146594085933,3.999999910593035
344,2019-04-10,990.601976448888,37.20417923521738,29.191600203827015,319.6303562451543,235.7222767422003,190.13124347625742,3.999999910593035
345,2019-04-11,990.6350662812802,37.2101380047901,29.19391568027751,319.8629885907,235.8375512998307,190.15182093570206,3.999999910593035
346,2019-04-12,990.6980445507021,37.214883962841654,29.194200828887492,320.1642167912778,235.9905471253515,190.1802163932638,3.999999910593035
347,2019-04-15,990.7871675489159,37.22022866328429,29.193986579999827,320.4758451978421,236.16245756211342,190.2096963870825,3.999999910593035
348,2019-04-16,990.8838216985149,37.22616977378816,29.19314140106956,320.7590390291233,236.3407244296911,190.2389393630437,3.999999910593035
349,2019-04-17,990.9803883782952,37.23253070366475,29.191858619754814,320.9976141450958,236.51855947890158,190.26698288499887,3.999999910593035
350,2019-04-18,991.0729576873636,37.239136861365395,29.19028914010938,321.1877799368357,236.69169608647485,190.29341755846693,3.999999910593035
351,2019-04-22,991.1595703017825,37.245843975629484,29.18855461520871,321.3320777865434,236.8574837254928,190.31812128333948,3.999999910593035
352,2019-04-23,991.239508969039,37.252537095914484,29.18674880315554,321.43589954564385,237.01429985455334,190.34111919787412,3.999999910593035
353,2019-04-24,991.315494000493,37.259105936337555,29.184935823644107,321.50800411078586,237.16272936196722,190.3626159993114,3.999999910593035
354,2019-04-25,991.3883476124396,37.26549185546252,29.183205947905556,321.5574752061855,237.30535026783716,190.38325450881024,3.999999910593035
355,2019-04-26,991.4587958043735,37.27166086791158,29.181632593958355,321.59211012441557,237.44323728429347,190.40323224125186,3.999999910593035
356,2019-04-29,991.526567419857,37.27759831332569,29.180235133311335,321.61673978119035,237.57650158845314,190.42265334084638,3.999999910593035
357,2019-04-30,991.5911813748875,37.28330219256498,29.179004073925164,321.6339198682946,237.704563125793,190.44144239282096,3.999999910593035
358,2019-05-01,991.6521478384807,37.288779502619,29.17791287683275,321.6445633372169,237.82652442306477,190.45952039122312,4.999999880790714
359,2019-05-02,991.7089769796521,37.29403490814744,29.176929579044522,321.64870453096,237.9414428916685,190.4767257329682,4.999999880790714
360,2019-05-03,991.7614063889459,37.29907440656991,29.176020280420026,321.6459628145772,238.04846778497017,190.4929435003071,4.999999880790714
361,2019-05-06,991.8091911508698,37.30390199616615,29.175159216852514,321.63606630596377,238.14706255253597,190.50809468728738,4.999999880790714
362,2019-05-07,991.8525324460066,37.30851900969608,29.174326823118076,321.6190808292082,238.23700806265717,190.52215774683103,4.999999880790714
363,2019-05-08,991.8916139609757,37.31292578034967,29.173509151730347,321.5954499814288,238.3184058248753,190.5351398612974,4.999999880790714
364,2019-05-09,991.9267418401422,37.31712330769686,29.172700391236678,321.5658892418487,238.39158453675344,190.54709130720175,4.999999880790714
365,2019-05-10,991.9582484688169,37.321113924067504,29.171896861050396,321.5312113948652,238.4569599040332,190.55806954341855,4.999999880790714
366,2019-05-13,991.9432823828473,37.32832182286904,29.17313857476642,321.61429570416436,238.50811749044647,190.57333205696824,4.999999880790714
367,2019-05-14,991.9560704703327,37.33386210582897,29.172463283968593,321.7620621971455,238.59467773792028,190.5952562087849,4.999999880790714
368,2019-05-15,991.9943997448614,37.33960163639594,29.17136879371968,321.919750955992,238.69672866368632,190.61746765497426,4.999999880790714
369,2019-05-16,992.0399365324463,37.34557973098741,29.169706330831858,322.052114612259,238.801683084593,190.63873821209305,4.999999880790714
370,2019-05-17,992.0857007415595,37.35166744508175,29.167664767516225,322.14570501846964,238.90313462068514,190.65827422943664,4.999999880790714
371,2019-05-20,992.1283072902198,37.35773983243709,29.16539055237954,322.1984043561237,238.99735319912656,190.6757848214527,4.999999880790714
372,2019-05-21,992.1662779384922,37.363694936920055,29.163001270480407,322.2136326159074,239.08226190247208,190.69127717050057,4.999999880790714
373,2019-05-22,992.1990878674646,37.369456791215576,29.160585449614175,322.19701346451404,239.15685691414419,190.70487696786824,4.999999880790714
374,2019-05-23,992.2292474609322,37.374946429298795,29.158196555145214,322.15683787518054,239.22167961836442,190.71672786074214,4.999999880790714
375,2019-05-24,992.2574914653716,37.38013986149126,29.15591091081832,322.1012594491329,239.27962384269807,190.72757322331157,4.999999880790714
376,2019-05-28,992.2844146755496,37.3850274252836,29.153789730601396,322.0371696822476,239.33193025931962,190.73763211753572,4.999999880790714
377,2019-05-29,992.3097109471006,37.38961245257561,29.151848899131682,321.9685809820078,239.3790322978588,190.74698714054676,4.999999880790714
378,2019-05-30,992.3330304007505,37.39390993691631,29.150077762079324,321.8974079708142,239.42079138973511,190.75565983942263,4.999999880790714
379,2019-05-31,992.3539094464602,37.397935205044696,29.148454817069513,321.8241829652088,239.4568707810726,190.76357120821086,4.999999880790714
380,2019-06-03,992.3720244459009,37.40170591602963,29.146955268570956,321.74872852634445,239.48686121118,190.77063505859962,5.999999850988392
381,2019-06-04,992.3871304835803,37.405238396180046,29.145553352476902,321.670592471352,239.51048393163373,190.77680111407372,5.999999850988392
382,2019-06-05,992.3992188125166,37.4085456399051,29.14423047213888,321.5894828847085,239.5276487117301,190.78204064519582,5.999999850988392
383,2019-06-06,992.4084118904558,37.41163730971416,29.142970549204552,321.5054083521646,239.5385182889882,190.7863787902236,5.999999850988392
384,2019-06-07,992.4149108979809,37.41452306811661,29.14176583507039,321.41872232045654,239.54347453263566,190.78983709623498,5.999999850988392
385,2019-06-10,992.4190307264389,37.41721257762181,29.140609743423397,321.3300114825472,239.542981486291,190.79251970744005,5.999999850988392
386,2019-06-11,992.4210250383039,37.419712835219315,29.13949956225233,321.23990116727754,239.53758053417585,190.7944840827134,5.999999850988392
387,2019-06-12,992.4211649900137,37.422032170658575,29.138432192115776,321.14899237719493,239.5277792239978,190.79581281918715,5.999999850988392
388,2019-06-13,992.3684469303184,37.42801526309972,29.139441835156013,321.1704295656764,239.50843601691463,190.8021979366204,5.999999850988392
389,2019-06-14,992.3435530199331,37.432169475749724,29.1387299322065,321.2528756675086,239.52967245751074,190.8149430332293,5.999999850988392
390,2019-06-17,992.3450837417593,37.43638366259584,29.13775573902742,321.34490632901293,239.5702553277152,190.8278102299466,5.999999850988392
391,2019-06-18,992.3549765782477,37.440724794823694,29.136347624050543,321.414871611278,239.61743631812,190.83974012877297,5.999999850988392
392,2019-06-19,992.3668287386736,37.44509691371954,29.13467741255919,321.45186761094425,239.66470592796588,190.85008631736983,5.999999850988392
393,2019-06-20,992.3775962733483,37.4494057265195,29.132871213075845,321.4552503967109,239.7082567438136,190.85870514855083,5.999999850988392
394,2019-06-21,992.3859671349924,37.453575932288466,29.13102646428993,321.4290509785207,239.74595384276554,190.8656720370888,5.999999850988392
395,2019-06-24,992.3915477094217,37.457552554680014,29.129210579052174,321.37889302306695,239.77670962259094,190.87116295078704,5.999999850988392
396,2019-06-25,992.3965947179573,37.46127195440828,29.127456488927585,321.31230337177635,239.80051280445184,190.8752928073946,5.999999850988392
397,2019-06-26,992.4014143049645,37.464729800003546,29.125815915844743,321.2363895952507,239.8200203603166,190.8788013899212,5.999999850988392
398,2019-06-27,992.4064875544457,37.4679294233656,29.124333801704132,321.1569928658672,239.83615715489702,190.88186466617012,5.999999850988392
399,2019-06-28,992.4114383461808,37.47087915424389,29.12301305223208,321.0773128067114,239.849245440706,190.88459755389042,5.999999850988392
400,2019-07-01,992.4158293310766,37.47359531894735,29.121840688517665,320.9986759162628,239.85921915597837,190.88697850600417,6.99999982118607
401,2019-07-02,992.419284388913,37.47609724249475,29.120795014471,320.92129683828836,239.86582372122902,190.88893929009785,6.99999982118607
402,2019-07-03,992.4214361464516,37.47840158438498,29.119853365426756,320.84480781646744,239.86882389212354,190.89045476791384,6.99999982118607
403,2019-07-04,992.4221708929281,37.480524670927004,29.11899327043469,320.768663655632,239.86805531988043,190.89145311585898,6.99999982118607
404,2019-07-05,992.4213486766329,37.482479163339974,29.118199038572644,320.69246798029246,239.8635244495499,190.89191996921463,6.99999982118607
405,2019-07-08,992.4191094492757,37.484278389223036,29.11745730349953,320.6161048828148,239.8553924073884,190.89188764859767,6.99999982118607
406,2019-07-09,992.4155844155844,37.48592934556574,29.116760316611813,320.53974035437864,239.84398305717133,190.89138847462513,6.99999982118607
407,2019-07-10,992.4109572621783,37.48744269444738,29.1161030413172,320.4637106702189,239.8296814906515,190.89049067971044,6.99999982118607
408,2019-07-11,992.3483988478858,37.49287369109441,29.1174677641143,320.49493704543033,239.8078134351302,190.89449125385028,6.99999982118607
409,2019-07-12,992.3133671855198,37.49641550056422,29.1171845526552,320.5838009958934,239.82852621539297,190.9047261158777,6.99999982118607
410,2019-07-15,992.3051887574769,37.49995697684405,29.1167025895155,320.68149825284445,239.86987604657799,190.91499688970174,6.99999982118607
411,2019-07-16,992.3060896966089,37.50357741914875,29.11584268823852,320.75882867823174,239.9192580216455,190.92443091866528,6.99999982118607
412,2019-07-17,992.3099208746654,37.50719619550355,29.114766600922994,320.806355101103,239.97019486508748,190.9324643875619,6.99999982118607
413,2019-07-18,992.3138395225405,37.51073633902347,29.113587069750313,320.8241233121286,240.01883243685035,190.93900033454082,6.99999982118607
414,2019-07-19,992.3166123157914,37.51413520999257,29.112388167068804,320.8163031242205,240.06292302565703,190.9441644508901,6.99999982118607
415,2019-07-22,992.3178368932524,37.517348494143725,29.111226457684246,320.7882019622554,240.1012726859475,190.94814347795202,6.99999982118607
416,2019-07-23,992.3194463379155,37.52031988237061,29.110118988524416,320.7466454980214,240.13347215703044,190.95097691870276,6.99999982118607
417,2019-07-24,992.3216330833815,37.52305537209283,29.1091056648975,320.6979328105983,240.16195766790287,190.95339737379277,6.99999982118607
418,2019-07-25,992.3246595391065,37.52556495900972,29.10822193666466,320.64715525013736,240.18744945293105,190.95555567276767,6.99999982118607
419,2019-07-26,992.3281583318521,37.527858638820646,29.107466254105187,320.59699586372517,240.21017631139904,190.95753441275963,6.99999982118607
420,2019-07-29,992.3316658715797,37.5299534042145,29.106825444593078,320.5484749247338,240.23007862659202,190.95931922905004,6.99999982118607
421,2019-07-30,992.3348147850508,37.53186624788018,29.106278780613884,320.50166827396095,240.24697915962787,190.96085625394397,6.99999982118607
422,2019-07-31,992.337307674882,37.53361349612663,29.105807084373865,320.45612802141284,240.26071195046254,190.9620808462076,6.99999982118607
423,2019-08-01,992.3389083725632,37.535210475692836,29.10539098436419,320.41131469575544,240.27118354586725,190.96297504994266,7.9999997913837495
424,2019-08-02,992.3395643962031,37.53667018098796,29.105017114243765,320.3667889927457,240.2784326161436,190.96350654453215,7.9999997913837495
425,2019-08-05,992.3393369746746,37.5380036072813,29.104675400827997,320.32238205928695,240.2826396226987,190.96370765059302,7.9999997913837495
426,2019-08-06,992.3383223247783,37.53922075027219,29.104359064088797,320.2781740290522,240.28408331395622,190.96359273284395,7.9999997913837495
427,2019-08-07,992.3366166633148,37.54032827376022,29.104063842294224,320.2343351860966,240.28309238747923,190.9632228413391,7.9999997913837495
428,2019-08-08,992.3343949299212,37.5413348406848,29.103787410863212,320.1911273958157,240.27999554083087,190.9626302966954,7.9999997913837495
429,2019-08-09,992.331709606489,37.5422471148455,29.10352744521471,320.14876959485184,240.27510374768596,190.9618653754281,7.9999997913837495
430,2019-08-12,992.3286481628365,37.543072759611846,29.103282783058184,320.1074363601354,240.2686844776302,190.96094603343545,7.9999997913837495
431,2019-08-13,992.2641129306428,37.54799364240203,29.104969847762217,320.1697045169187,240.254687439735,190.96423555400287,7.9999997913837495
432,2019-08-14,992.2266845952461,37.551004680236325,29.105015951953234,320.28731356064765,240.28416065455932,190.97376295363753,7.9999997913837495
433,2019-08-15,992.2162756868277,37.55399672624187,29.104875314799127,320.41304043164143,240.33468179225972,190.98328676209255,7.9999997913837495
434,2019-08-16,992.2152610369315,37.557054077483166,29.104371655569537,320.5191159502946,240.3938989140191,190.99205283163954,7.9999997913837495
435,2019-08-19,992.2177451797809,37.56010909639461,29.103663433206698,320.5968756632157,240.45547170164735,190.999561988306,7.9999997913837495
436,2019-08-20,992.22102529798,37.56309381222063,29.102860096735505,320.6466515527643,240.51554762635345,191.005760364397,7.9999997913837495
437,2019-08-21,992.2238418261402,37.56595258223483,29.10203932590636,320.67250324805207,240.57186125297216,191.01077006002095,7.9999997913837495
438,2019-08-22,992.2258098970597,37.5686470895897,29.10125129292714,320.6795235301888,240.62313323902748,191.0147957724184,7.9999997913837495
439,2019-08-23,992.2286701601292,37.57112402388872,29.100506652127702,320.6739299136229,240.66867074161684,191.01782313687073,7.9999997913837495
440,2019-08-26,992.2325013381857,37.57339604635106,29.09983794764288,320.6614347844713,240.71077464368187,191.02056320695036,7.9999997913837495
441,2019-08-27,992.237504611812,37.575474818625956,29.099276755032065,320.64665298372273,240.74997343934368,191.02313449158603,7.9999997913837495
442,2019-08-28,992.2431901500237,37.577370669602736,29.09882036228402,320.6319470237719,240.78641375349557,191.02562317908954,7.9999997913837495
443,2019-08-29,992.2491818326007,37.57909726007052,29.098456371633098,320.61817547968633,240.82003113563496,191.02799335766431,7.9999997913837495
444,2019-08-30,992.2550685513952,37.5806715827182,29.09816638014591,320.6053726944688,240.8506499581424,191.03020552433412,7.9999997913837495
445,2019-09-02,992.2605441620423,37.582106965144916,29.097932759749416,320.59310794962704,240.8781525988507,191.0321914466854,8.999999761581428
446,2019-09-03,992.265451218868,37.5834180677097,29.09774020695164,320.5808632382035,240.90245849463162,191.0339223952809,8.999999761581428
447,2019-09-04,992.2696847580903,37.58461588568185,29.0975769051322,320.56823216799955,240.92362726220006,191.03537323186305,8.999999761581428
448,2019-09-05,992.2732097917815,37.58571108114067,29.097433943397032,320.55504445496,240.9418168052873,191.0365690946894,8.999999761581428
449,2019-09-06,992.2761750186335,37.5867093183158,29.09730628515384,320.5413587683812,240.95728492590356,191.03752434847866,8.999999761581428
450,2019-09-09,992.2786416675192,37.58762025971659,29.097190056100857,320.5273182041078,240.97031681752281,191.03827490502732,8.999999761581428
451,2019-09-10,992.2806884612754,37.588448570002754,29.09708467509282,320.51313025111443,240.9811992848814,191.0388530849524,8.999999761581428
452,2019-09-11,992.2823766287752,37.589202578923754,29.096987430118492,320.4989551767471,240.99019657503987,191.03929120887076,8.999999761581428
453,2019-09-12,992.2202293226303,37.59412512766382,29.098757986025586,320.584515044158,240.98888822983776,191.04274592370248,8.999999761581428
454,2019-09-13,992.1841742633862,37.59709751546064,29.098879251670866,320.7235798788282,241.0302171146094,191.0523200086727,8.999999761581428
455,2019-09-16,992.1748674746827,37.60001892519077,29.098816294267166,320.87014436671456,241.0916529449197,191.0618007229718,8.999999761581428
456,2019-09-17,992.1748324867553,37.60297865176841,29.098396319955725,320.9974138109133,241.1613062143074,191.07053447190188,8.999999761581428
457,2019-09-18,992.1783662674285,37.605918720137325,29.097779143684388,321.09720742198795,241.23313307689418,191.07805799328696,8.999999761581428
458,2019-09-19,992.1828884570522,37.60877882291144,29.09707208361208,321.16988293954995,241.30345340898344,191.08433537533045,8.999999761581428
459,2019-09-20,992.1871744781656,37.61150964797396,29.096350301193063,321.21939839466137,241.3700436682366,191.08953181229668,8.999999761581428
460,2019-09-23,992.1908744514942,37.61407954227693,29.09566183776923,321.2505589457843,241.43164384732844,191.09382686316854,8.999999761581428
461,2019-09-24,992.1955715807552,37.61643452904388,29.095013085938504,321.2691284935397,241.48740964467532,191.09717743379014,8.999999761581428
462,2019-09-25,992.201257118967,37.6185929337236,29.09443329667921,321.28042447951344,241.53958716029172,191.10026943947634,8.999999761581428
463,2019-09-26,992.2081147527484,37.620568417105204,29.093952108399865,321.28878127683885,241.58860176749462,191.1032321626948,8.999999761581428
464,2019-09-27,992.2157508679159,37.62237164126801,29.09356680908923,321.2963982686476,241.634579144764,191.10613742703873,8.999999761581428
465,2019-09-30,992.2236668865029,37.624014267861256,29.093265582126914,321.3040896702955,241.67744678528447,191.1089600942505,8.999999761581428
466,2019-10-01,992.231521676217,37.62551262319387,29.093031768015333,321.31189125574383,241.7170854556263,191.11163193191663,9.999999731779107
467,2019-10-02,992.2390878155294,37.626880034864996,29.09284948211724,321.3194366996303,241.75339525751048,191.1141134370608,9.999999731779107
468,2019-10-03,992.246137882912,37.628129830473775,29.09270342094066,321.32627238812745,241.78634396568575,191.11638665378482,9.999999731779107
469,2019-10-04,992.2525844085458,37.629272338909516,29.092583898731174,321.3320534602498,241.81600730949262,191.11841207911235,9.999999731779107
470,2019-10-07,992.258427392431,37.63031688949163,29.09248316688526,321.3366554226126,241.8425609165506,191.12020407776205,9.999999731779107
471,2019-10-08,992.2637280634408,37.63127114558961,29.092396769955876,321.3401326516367,241.8662561438197,191.12178419681192,9.999999731779107
472,2019-10-09,992.2685651444117,37.63214243738298,29.092321221071437,321.3426411217927,241.88735401583529,191.12318475687883,9.999999731779107
473,2019-10-10,992.2730086111986,37.63293776186129,29.09225477679615,321.3443711505541,241.90613489228357,191.1244237138611,9.999999731779107
474,2019-10-11,992.2123832798982,37.63794260852602,29.094000924602117,321.4425992930886,241.91136182804183,191.1273577076423,9.999999731779107
475,2019-10-14,992.1767043408743,37.64095264679038,29.094084609520262,321.5933693678482,241.95822378845895,191.13633565678916,9.999999731779107
476,2019-10-15,992.167318829334,37.643875722470405,29.093980584517844,321.7516648530759,242.02413409491,191.14514482049208,9.999999731779107
477,2019-10-16,992.16706516686,37.646810126609694,29.093521092328388,321.8914237025925,242.09772690126718,191.15321061000563,9.999999731779107
478,2019-10-17,992.1703102971316,37.64970488114155,29.09286769133554,322.00466116826846,242.17335312098035,191.16013799556737,9.999999731779107
479,2019-10-18,992.1746488001362,37.65250800842937,29.092128280843486,322.09172068013095,242.24751309176008,191.16591261245864,9.999999731779107
480,2019-10-21,992.178908580304,37.65517686015592,29.091376666300867,322.1563313158906,242.3180831695468,191.17067092550647,9.999999731779107
481,2019-10-22,992.182713517415,37.657681782413114,29.09065953304397,322.2030606949074,242.38383879479173,191.1746212231311,9.999999731779107
482,2019-10-23,992.1875680923496,37.659974795844086,29.08998230509526,322.2372291206841,242.44381320995626,191.17769168173933,9.999999731779107
483,2019-10-24,992.1934285701985,37.66207455908762,29.089371908852016,322.26385925736656,242.50024929252984,191.180557443107,9.999999731779107
484,2019-10-25,992.2004698905992,37.66399739845265,29.08885778900766,322.2870178888587,242.55346607250016,191.18332265144426,9.999999731779107
485,2019-10-28,992.2083071863494,37.66575164368864,29.08843703983586,322.3087970764088,242.6035634481462,191.18605913034423,9.999999731779107
486,2019-10-29,992.2164768674106,37.66735162196465,29.08809803843133,322.3300038805804,242.65047052391512,191.18875251508828,9.999999731779107
487,2019-10-30,992.2246640424354,37.66881132725978,29.08782625616244,322.35066692054255,242.6940841790028,191.1913453468019,9.999999731779107
488,2019-10-31,992.2325888080044,37.67014442036314,29.087606195822126,322.37049141885524,242.73433029533135,191.19379453132916,9.999999731779107
489,2019-11-01,992.2400849714619,37.67136189654401,29.087424684784388,322.38910532632246,242.77120565037555,191.19606056569384,10.999999701976785
490,2019-11-04,992.247100050917,37.67247541745164,29.08727223100989,322.40619097016923,242.80478113968832,191.1981362675366,10.999999701976785
491,2019-11-05,992.2535553235327,37.67349331283548,29.087140892180024,322.42164245947055,242.83524689225214,191.2000072721388,10.999999701976785
492,2019-11-06,992.2595470061096,37.67442324606505,29.0870269877081,322.43552275639803,242.86282848482608,191.2017059001174,10.999999701976785
493,2019-11-07,992.2651363275208,37.67527254731985,29.086927030722535,322.4480321951341,242.88779338699575,191.20325010737065,10.999999701976785
494,2019-11-08,992.2703845166394,37.67604788039946,29.086839084072444,322.45932531919095,242.91038973319607,191.20467939687484,10.999999701976785
495,2019-11-11,992.2753090674289,37.67675457634353,29.086761598037125,322.46959101508344,242.93086243533676,191.2059794039113,10.999999701976785
496,2019-11-12,992.2799537147988,37.677398632571666,29.086693216610954,322.47896951673937,242.9494112899758,191.2071968138156,10.999999701976785
497,2019-11-13,992.2192671546253,37.68231051923243,29.088379506454636,322.58243067431147,242.9517379531185,191.20871588281128,10.999999701976785
498,2019-11-14,992.1822936622855,37.68519627763488,29.088385124192197,322.73833073510036,242.99528071265337,191.21631481896918,10.999999701976785
499,2019-11-15,992.1713074530641,37.68797574843423,29.08819431483022,322.90239584478286,243.05734332410114,191.22369469316791,10.999999701976785
500,2019-11-18,992.1691819364711,37.69075155414383,29.087645326269964,323.04902043292395,243.12707232282935,191.23040660795013,10.999999701976785
501,2019-11-19,992.1706164414968,37.69348337877628,29.086904172342116,323.17036284723883,243.19917310005206,191.2360770806313,10.999999701976785
502,2019-11-20,992.1732055481286,37.69612390935467,29.086078364920677,323.2666148361593,243.27032967741215,191.24070611121144,10.999999701976785
503,2019-11-21,992.1758471366516,37.69863616179139,29.085242678029736,323.34127652404453,243.33849252892796,191.24443734687688,10.999999701976785
504,2019-11-22,992.1781738338275,37.700992814508226,29.08444418443575,323.3986465100667,243.40245643020145,191.24747548486818,10.999999701976785
505,2019-11-25,992.1816638795913,37.70314622133827,29.08368695215557,323.4436215340286,243.46111927763877,191.24972356333456,10.999999701976785
506,2019-11-26,992.186247298088,37.70511937239003,29.082996745295944,323.48091517305164,243.51667883337743,191.2518279946146,10.999999701976785
507,2019-11-27,992.1920552940459,37.70692726121253,29.08240339598047,323.51443966752754,243.56935745165129,191.25390369645734,10.999999701976785
508,2019-11-28,992.1987117472445,37.708577884365255,29.081903998482822,323.5461239494417,243.61918091266142,191.25601890127635,10.999999701976785
509,2019-11-29,992.2058142965182,37.710085235827286,29.081487704758057,323.57677507935784,243.6660622082293,191.2581556531733,10.999999701976785
510,2019-12-02,992.2130393035379,37.711460977247874,29.081140761034906,323.6064274002785,243.7098821049252,191.26023135501606,11.999999672174463
511,2019-12-03,992.2201505997936,37.71271710346623,29.080848638681747,323.63485195885244,243.75056003962095,191.26224600680462,11.999999672174463
512,2019-12-04,992.226947004702,37.71386560932159,29.080599521078188,323.6616996012187,243.78807667716572,191.2641277849458,11.999999672174463
513,2019-12-05,992.233323554481,37.71491649051329,29.08038333503964,323.6866984452726,243.8225061356375,191.26588387179893,11.999999672174463
514,2019-12-06,992.2393152370579,37.715877743600814,29.080193106822925,323.70978839075934,243.85400309624242,191.26748194674707,11.999999672174463
515,2019-12-09,992.2449482933785,37.7167550328138,29.080025543271542,323.73102667601677,243.88277380058872,191.2689686951258,11.999999672174463
516,2019-12-10,992.2502752053337,37.71755735428165,29.079876576368637,323.750596463726,243.9090534930108,191.2703441169351,11.999999672174463
517,2019-12-11,992.2553134668874,37.718289705854055,29.079743494102974,323.76866946890067,243.93308386289323,191.27163335043258,11.999999672174463
518,2019-12-12,992.195396641118,37.72331687624733,29.08131742919544,323.8781234804451,243.93802399391507,191.2717267211037,11.999999672174463
