date,openPrice,highPrice,lowPrice,closePrice,totalSoybeanMealSupply,totalSoybeanMealDemand,soybeanOilSupply,soybeanOilDemand,sunflowerSeedPrice,Month,canolaPrice,peanutsPrice,flaxseedPrice,soybeanOilPrice,cottonseedOilPrice,sunflowerseedOilPrice,canolaOilPrice,peanutOilPrice,cornOilPrice,soybeanMealPrice,cottonseedmealPrice,sunflowerseedMealPrice,linseedMealPrice
11/14/2017,978.5,978.5,978.5,978.5,4526.6,4137.5,3625.3,1934.7,16.6,November,17.2,22.7,9.21,33.43,37.0,55.5,39.69,65.0,34.46,313.52,228.75,165.0,205.0
11/15/2017,985.0,985.0,985.0,985.0,4526.6,4137.5,3625.3,1934.7,16.6,November,17.2,22.7,9.21,33.43,37.0,55.5,39.69,65.0,34.46,313.52,228.75,165.0,205.0
11/16/2017,983.0,983.0,983.0,983.0,4526.6,4137.5,3625.3,1934.7,16.6,November,17.2,22.7,9.21,33.43,37.0,55.5,39.69,65.0,34.46,313.52,228.75,165.0,205.0
11/17/2017,996.5,996.5,996.5,996.5,4526.6,4137.5,3625.3,1934.7,16.6,November,17.2,22.7,9.21,33.43,37.0,55.5,39.69,65.0,34.46,313.52,228.75,165.0,205.0
11/20/2017,998.5,998.5,998.5,998.5,4526.6,4137.5,3625.3,1934.7,16.6,November,17.2,22.7,9.21,33.43,37.0,55.5,39.69,65.0,34.46,313.52,228.75,165.0,205.0
11/21/2017,998.0,998.0,998.0,998.0,4526.6,4137.5,3625.3,1934.7,16.6,November,17.2,22.7,9.21,33.43,37.0,55.5,39.69,65.0,34.46,313.52,228.75,165.0,205.0
11/22/2017,1003.0,1003.0,1003.0,1003.0,4526.6,4137.5,3625.3,1934.7,16.6,November,17.2,22.7,9.21,33.43,37.0,55.5,39.69,65.0,34.46,313.52,228.75,165.0,205.0
11/24/2017,1000.5,1000.5,1000.5,1000.5,4526.6,4137.5,3625.3,1934.7,16.6,November,17.2,22.7,9.21,33.43,37.0,55.5,39.69,65.0,34.46,313.52,228.75,165.0,205.0
11/27/2017,1001.75,1001.75,1001.75,1001.75,4526.6,4137.5,3625.3,1934.7,16.6,November,17.2,22.7,9.21,33.43,37.0,55.5,39.69,65.0,34.46,313.52,228.75,165.0,205.0
11/28/2017,1001.75,1001.75,1001.75,1001.75,4526.6,4137.5,3625.3,1934.7,16.6,November,17.2,22.7,9.21,33.43,37.0,55.5,39.69,65.0,34.46,313.52,228.75,165.0,205.0
11/29/2017,1000.25,1000.25,1000.25,1000.25,4526.6,4137.5,3625.3,1934.7,16.6,November,17.2,22.7,9.21,33.43,37.0,55.5,39.69,65.0,34.46,313.52,228.75,165.0,205.0
11/30/2017,997.75,997.75,997.75,997.75,4526.6,4137.5,3625.3,1934.7,16.6,November,17.2,22.7,9.21,33.43,37.0,55.5,39.69,65.0,34.46,313.52,228.75,165.0,205.0
12/01/2017,1004.5,1004.5,1004.5,1004.5,4594.2,4039.3,3737.0,1786.4,17.0,December,16.7,23.0,9.34,32.27,34.25,54.8,38.65,65.2,33.96,319.22,232.5,185.0,209.17
12/04/2017,1004.75,1004.75,1004.75,1004.75,4594.2,4039.3,3737.0,1786.4,17.0,December,16.7,23.0,9.34,32.27,34.25,54.8,38.65,65.2,33.96,319.22,232.5,185.0,209.17
12/05/2017,1010.0,1010.0,1010.0,1010.0,4594.2,4039.3,3737.0,1786.4,17.0,December,16.7,23.0,9.34,32.27,34.25,54.8,38.65,65.2,33.96,319.22,232.5,185.0,209.17
12/06/2017,1006.25,1006.25,1006.25,1006.25,4594.2,4039.3,3737.0,1786.4,17.0,December,16.7,23.0,9.34,32.27,34.25,54.8,38.65,65.2,33.96,319.22,232.5,185.0,209.17
12/07/2017,997.25,997.25,997.25,997.25,4594.2,4039.3,3737.0,1786.4,17.0,December,16.7,23.0,9.34,32.27,34.25,54.8,38.65,65.2,33.96,319.22,232.5,185.0,209.17
12/08/2017,996.0,996.0,996.0,996.0,4594.2,4039.3,3737.0,1786.4,17.0,December,16.7,23.0,9.34,32.27,34.25,54.8,38.65,65.2,33.96,319.22,232.5,185.0,209.17
12/11/2017,992.0,992.0,992.0,992.0,4594.2,4039.3,3737.0,1786.4,17.0,December,16.7,23.0,9.34,32.27,34.25,54.8,38.65,65.2,33.96,319.22,232.5,185.0,209.17
12/12/2017,987.5,987.5,987.5,987.5,4594.2,4039.3,3737.0,1786.4,17.0,December,16.7,23.0,9.34,32.27,34.25,54.8,38.65,65.2,33.96,319.22,232.5,185.0,209.17
12/13/2017,990.5,990.5,990.5,990.5,4594.2,4039.3,3737.0,1786.4,17.0,December,16.7,23.0,9.34,32.27,34.25,54.8,38.65,65.2,33.96,319.22,232.5,185.0,209.17
12/14/2017,984.0,984.0,984.0,984.0,4594.2,4039.3,3737.0,1786.4,17.0,December,16.7,23.0,9.34,32.27,34.25,54.8,38.65,65.2,33.96,319.22,232.5,185.0,209.17
12/15/2017,984.25,984.25,984.25,984.25,4594.2,4039.3,3737.0,1786.4,17.0,December,16.7,23.0,9.34,32.27,34.25,54.8,38.65,65.2,33.96,319.22,232.5,185.0,209.17
12/18/2017,980.25,980.25,980.25,980.25,4594.2,4039.3,3737.0,1786.4,17.0,December,16.7,23.0,9.34,32.27,34.25,54.8,38.65,65.2,33.96,319.22,232.5,185.0,209.17
12/19/2017,976.5,976.5,976.5,976.5,4594.2,4039.3,3737.0,1786.4,17.0,December,16.7,23.0,9.34,32.27,34.25,54.8,38.65,65.2,33.96,319.22,232.5,185.0,209.17
12/20/2017,976.0,976.0,976.0,976.0,4594.2,4039.3,3737.0,1786.4,17.0,December,16.7,23.0,9.34,32.27,34.25,54.8,38.65,65.2,33.96,319.22,232.5,185.0,209.17
12/21/2017,976.25,976.25,976.25,976.25,4594.2,4039.3,3737.0,1786.4,17.0,December,16.7,23.0,9.34,32.27,34.25,54.8,38.65,65.2,33.96,319.22,232.5,185.0,209.17
12/22/2017,976.75,976.75,976.75,976.75,4594.2,4039.3,3737.0,1786.4,17.0,December,16.7,23.0,9.34,32.27,34.25,54.8,38.65,65.2,33.96,319.22,232.5,185.0,209.17
12/26/2017,984.75,984.75,984.75,984.75,4594.2,4039.3,3737.0,1786.4,17.0,December,16.7,23.0,9.34,32.27,34.25,54.8,38.65,65.2,33.96,319.22,232.5,185.0,209.17
12/27/2017,984.25,984.25,984.25,984.25,4594.2,4039.3,3737.0,1786.4,17.0,December,16.7,23.0,9.34,32.27,34.25,54.8,38.65,65.2,33.96,319.22,232.5,185.0,209.17
12/28/2017,979.5,979.5,979.5,979.5,4594.2,4039.3,3737.0,1786.4,17.0,December,16.7,23.0,9.34,32.27,34.25,54.8,38.65,65.2,33.96,319.22,232.5,185.0,209.17
12/29/2017,981.25,981.25,981.25,981.25,4594.2,4039.3,3737.0,1786.4,17.0,December,16.7,23.0,9.34,32.27,34.25,54.8,38.65,65.2,33.96,319.22,232.5,185.0,209.17
01/02/2018,986.25,986.25,986.25,986.25,4730.6,4320.6,3968.4,1728.6,17.6,January,17.7,22.9,9.39,31.61,32.75,55.5,38.31,66.13,30.68,322.6,259.0,178.0,215.5
01/03/2018,987.0,987.0,987.0,987.0,4730.6,4320.6,3968.4,1728.6,17.6,January,17.7,22.9,9.39,31.61,32.75,55.5,38.31,66.13,30.68,322.6,259.0,178.0,215.5
01/04/2018,986.25,986.25,986.25,986.25,4730.6,4320.6,3968.4,1728.6,17.6,January,17.7,22.9,9.39,31.61,32.75,55.5,38.31,66.13,30.68,322.6,259.0,178.0,215.5
01/05/2018,988.0,988.0,988.0,988.0,4730.6,4320.6,3968.4,1728.6,17.6,January,17.7,22.9,9.39,31.61,32.75,55.5,38.31,66.13,30.68,322.6,259.0,178.0,215.5
01/08/2018,986.75,986.75,986.75,986.75,4730.6,4320.6,3968.4,1728.6,17.6,January,17.7,22.9,9.39,31.61,32.75,55.5,38.31,66.13,30.68,322.6,259.0,178.0,215.5
01/09/2018,985.75,985.75,985.75,985.75,4730.6,4320.6,3968.4,1728.6,17.6,January,17.7,22.9,9.39,31.61,32.75,55.5,38.31,66.13,30.68,322.6,259.0,178.0,215.5
01/10/2018,978.75,978.75,978.75,978.75,4730.6,4320.6,3968.4,1728.6,17.6,January,17.7,22.9,9.39,31.61,32.75,55.5,38.31,66.13,30.68,322.6,259.0,178.0,215.5
01/11/2018,977.0,977.0,977.0,977.0,4730.6,4320.6,3968.4,1728.6,17.6,January,17.7,22.9,9.39,31.61,32.75,55.5,38.31,66.13,30.68,322.6,259.0,178.0,215.5
01/12/2018,989.0,989.0,989.0,989.0,4730.6,4320.6,3968.4,1728.6,17.6,January,17.7,22.9,9.39,31.61,32.75,55.5,38.31,66.13,30.68,322.6,259.0,178.0,215.5
01/16/2018,991.75,991.75,991.75,991.75,4730.6,4320.6,3968.4,1728.6,17.6,January,17.7,22.9,9.39,31.61,32.75,55.5,38.31,66.13,30.68,322.6,259.0,178.0,215.5
01/17/2018,991.75,991.75,991.75,991.75,4730.6,4320.6,3968.4,1728.6,17.6,January,17.7,22.9,9.39,31.61,32.75,55.5,38.31,66.13,30.68,322.6,259.0,178.0,215.5
01/18/2018,995.75,995.75,995.75,995.75,4730.6,4320.6,3968.4,1728.6,17.6,January,17.7,22.9,9.39,31.61,32.75,55.5,38.31,66.13,30.68,322.6,259.0,178.0,215.5
01/19/2018,996.0,996.0,996.0,996.0,4730.6,4320.6,3968.4,1728.6,17.6,January,17.7,22.9,9.39,31.61,32.75,55.5,38.31,66.13,30.68,322.6,259.0,178.0,215.5
01/22/2018,999.0,999.0,999.0,999.0,4730.6,4320.6,3968.4,1728.6,17.6,January,17.7,22.9,9.39,31.61,32.75,55.5,38.31,66.13,30.68,322.6,259.0,178.0,215.5
01/23/2018,1001.25,1001.25,1001.25,1001.25,4730.6,4320.6,3968.4,1728.6,17.6,January,17.7,22.9,9.39,31.61,32.75,55.5,38.31,66.13,30.68,322.6,259.0,178.0,215.5
01/24/2018,1003.75,1003.75,1003.75,1003.75,4730.6,4320.6,3968.4,1728.6,17.6,January,17.7,22.9,9.39,31.61,32.75,55.5,38.31,66.13,30.68,322.6,259.0,178.0,215.5
01/25/2018,1004.75,1004.75,1004.75,1004.75,4730.6,4320.6,3968.4,1728.6,17.6,January,17.7,22.9,9.39,31.61,32.75,55.5,38.31,66.13,30.68,322.6,259.0,178.0,215.5
01/26/2018,1001.5,1001.5,1001.5,1001.5,4730.6,4320.6,3968.4,1728.6,17.6,January,17.7,22.9,9.39,31.61,32.75,55.5,38.31,66.13,30.68,322.6,259.0,178.0,215.5
01/29/2018,1004.0,1004.0,1004.0,1004.0,4730.6,4320.6,3968.4,1728.6,17.6,January,17.7,22.9,9.39,31.61,32.75,55.5,38.31,66.13,30.68,322.6,259.0,178.0,215.5
01/30/2018,1007.0,1007.0,1007.0,1007.0,4730.6,4320.6,3968.4,1728.6,17.6,January,17.7,22.9,9.39,31.61,32.75,55.5,38.31,66.13,30.68,322.6,259.0,178.0,215.5
01/31/2018,1004.25,1004.25,1004.25,1004.25,4730.6,4320.6,3968.4,1728.6,17.6,January,17.7,22.9,9.39,31.61,32.75,55.5,38.31,66.13,30.68,322.6,259.0,178.0,215.5
02/01/2018,999.75,999.75,999.75,999.75,4357.7,3901.9,4170.6,1745.3,17.7,February,18.3,22.7,9.81,30.63,31.44,55.0,37.44,66.63,29.72,362.85,303.13,185.63,233.13
02/02/2018,994.0,994.0,994.0,994.0,4357.7,3901.9,4170.6,1745.3,17.7,February,18.3,22.7,9.81,30.63,31.44,55.0,37.44,66.63,29.72,362.85,303.13,185.63,233.13
02/05/2018,989.0,989.0,989.0,989.0,4357.7,3901.9,4170.6,1745.3,17.7,February,18.3,22.7,9.81,30.63,31.44,55.0,37.44,66.63,29.72,362.85,303.13,185.63,233.13
02/06/2018,1000.75,1000.75,1000.75,1000.75,4357.7,3901.9,4170.6,1745.3,17.7,February,18.3,22.7,9.81,30.63,31.44,55.0,37.44,66.63,29.72,362.85,303.13,185.63,233.13
02/07/2018,996.75,996.75,996.75,996.75,4357.7,3901.9,4170.6,1745.3,17.7,February,18.3,22.7,9.81,30.63,31.44,55.0,37.44,66.63,29.72,362.85,303.13,185.63,233.13
02/08/2018,1000.25,1000.25,1000.25,1000.25,4357.7,3901.9,4170.6,1745.3,17.7,February,18.3,22.7,9.81,30.63,31.44,55.0,37.44,66.63,29.72,362.85,303.13,185.63,233.13
02/09/2018,996.0,996.0,996.0,996.0,4357.7,3901.9,4170.6,1745.3,17.7,February,18.3,22.7,9.81,30.63,31.44,55.0,37.44,66.63,29.72,362.85,303.13,185.63,233.13
02/12/2018,1002.75,1002.75,1002.75,1002.75,4357.7,3901.9,4170.6,1745.3,17.7,February,18.3,22.7,9.81,30.63,31.44,55.0,37.44,66.63,29.72,362.85,303.13,185.63,233.13
02/13/2018,1002.75,1002.75,1002.75,1002.75,4357.7,3901.9,4170.6,1745.3,17.7,February,18.3,22.7,9.81,30.63,31.44,55.0,37.44,66.63,29.72,362.85,303.13,185.63,233.13
02/14/2018,999.25,999.25,999.25,999.25,4357.7,3901.9,4170.6,1745.3,17.7,February,18.3,22.7,9.81,30.63,31.44,55.0,37.44,66.63,29.72,362.85,303.13,185.63,233.13
02/15/2018,1003.75,1003.75,1003.75,1003.75,4357.7,3901.9,4170.6,1745.3,17.7,February,18.3,22.7,9.81,30.63,31.44,55.0,37.44,66.63,29.72,362.85,303.13,185.63,233.13
02/16/2018,1003.0,1003.0,1003.0,1003.0,4357.7,3901.9,4170.6,1745.3,17.7,February,18.3,22.7,9.81,30.63,31.44,55.0,37.44,66.63,29.72,362.85,303.13,185.63,233.13
02/20/2018,1005.25,1005.25,1005.25,1005.25,4357.7,3901.9,4170.6,1745.3,17.7,February,18.3,22.7,9.81,30.63,31.44,55.0,37.44,66.63,29.72,362.85,303.13,185.63,233.13
02/21/2018,1005.75,1005.75,1005.75,1005.75,4357.7,3901.9,4170.6,1745.3,17.7,February,18.3,22.7,9.81,30.63,31.44,55.0,37.44,66.63,29.72,362.85,303.13,185.63,233.13
02/22/2018,1004.75,1004.75,1004.75,1004.75,4357.7,3901.9,4170.6,1745.3,17.7,February,18.3,22.7,9.81,30.63,31.44,55.0,37.44,66.63,29.72,362.85,303.13,185.63,233.13
02/23/2018,1007.25,1007.25,1007.25,1007.25,4357.7,3901.9,4170.6,1745.3,17.7,February,18.3,22.7,9.81,30.63,31.44,55.0,37.44,66.63,29.72,362.85,303.13,185.63,233.13
02/26/2018,1005.75,1007.75,1005.75,1007.75,4357.7,3901.9,4170.6,1745.3,17.7,February,18.3,22.7,9.81,30.63,31.44,55.0,37.44,66.63,29.72,362.85,303.13,185.63,233.13
02/27/2018,1006.25,1006.25,1006.25,1006.25,4357.7,3901.9,4170.6,1745.3,17.7,February,18.3,22.7,9.81,30.63,31.44,55.0,37.44,66.63,29.72,362.85,303.13,185.63,233.13
02/28/2018,1005.5,1005.5,1005.5,1005.5,4357.7,3901.9,4170.6,1745.3,17.7,February,18.3,22.7,9.81,30.63,31.44,55.0,37.44,66.63,29.72,362.85,303.13,185.63,233.13
03/01/2018,1005.75,1005.75,1005.75,1005.75,4816.9,4272.7,4525.6,2081.2,17.3,March,18.2,24.4,9.76,30.28,31.35,54.0,37.1,67.0,29.66,379.85,323.13,187.5,237.5
03/02/2018,1000.75,1000.75,1000.75,1000.75,4816.9,4272.7,4525.6,2081.2,17.3,March,18.2,24.4,9.76,30.28,31.35,54.0,37.1,67.0,29.66,379.85,323.13,187.5,237.5
03/05/2018,1004.75,1004.75,1004.75,1004.75,4816.9,4272.7,4525.6,2081.2,17.3,March,18.2,24.4,9.76,30.28,31.35,54.0,37.1,67.0,29.66,379.85,323.13,187.5,237.5
03/06/2018,1012.25,1012.25,1012.25,1012.25,4816.9,4272.7,4525.6,2081.2,17.3,March,18.2,24.4,9.76,30.28,31.35,54.0,37.1,67.0,29.66,379.85,323.13,187.5,237.5
03/07/2018,1012.5,1012.5,1012.5,1012.5,4816.9,4272.7,4525.6,2081.2,17.3,March,18.2,24.4,9.76,30.28,31.35,54.0,37.1,67.0,29.66,379.85,323.13,187.5,237.5
03/08/2018,1010.0,1012.5,1009.5,1012.5,4816.9,4272.7,4525.6,2081.2,17.3,March,18.2,24.4,9.76,30.28,31.35,54.0,37.1,67.0,29.66,379.85,323.13,187.5,237.5
03/09/2018,1001.75,1001.75,1001.75,1001.75,4816.9,4272.7,4525.6,2081.2,17.3,March,18.2,24.4,9.76,30.28,31.35,54.0,37.1,67.0,29.66,379.85,323.13,187.5,237.5
03/12/2018,1009.0,1009.0,1009.0,1009.0,4816.9,4272.7,4525.6,2081.2,17.3,March,18.2,24.4,9.76,30.28,31.35,54.0,37.1,67.0,29.66,379.85,323.13,187.5,237.5
03/13/2018,1014.25,1014.25,1014.25,1014.25,4816.9,4272.7,4525.6,2081.2,17.3,March,18.2,24.4,9.76,30.28,31.35,54.0,37.1,67.0,29.66,379.85,323.13,187.5,237.5
03/14/2018,1003.0,1003.0,1003.0,1003.0,4816.9,4272.7,4525.6,2081.2,17.3,March,18.2,24.4,9.76,30.28,31.35,54.0,37.1,67.0,29.66,379.85,323.13,187.5,237.5
03/15/2018,1004.75,1004.75,1004.75,1004.75,4816.9,4272.7,4525.6,2081.2,17.3,March,18.2,24.4,9.76,30.28,31.35,54.0,37.1,67.0,29.66,379.85,323.13,187.5,237.5
03/16/2018,1010.0,1010.0,1010.0,1010.0,4816.9,4272.7,4525.6,2081.2,17.3,March,18.2,24.4,9.76,30.28,31.35,54.0,37.1,67.0,29.66,379.85,323.13,187.5,237.5
03/19/2018,1002.25,1002.25,1002.25,1002.25,4816.9,4272.7,4525.6,2081.2,17.3,March,18.2,24.4,9.76,30.28,31.35,54.0,37.1,67.0,29.66,379.85,323.13,187.5,237.5
03/20/2018,1004.0,1004.0,1004.0,1004.0,4816.9,4272.7,4525.6,2081.2,17.3,March,18.2,24.4,9.76,30.28,31.35,54.0,37.1,67.0,29.66,379.85,323.13,187.5,237.5
03/21/2018,1003.0,1003.0,1003.0,1003.0,4816.9,4272.7,4525.6,2081.2,17.3,March,18.2,24.4,9.76,30.28,31.35,54.0,37.1,67.0,29.66,379.85,323.13,187.5,237.5
03/22/2018,1002.75,1002.75,1002.75,1002.75,4816.9,4272.7,4525.6,2081.2,17.3,March,18.2,24.4,9.76,30.28,31.35,54.0,37.1,67.0,29.66,379.85,323.13,187.5,237.5
03/23/2018,1001.75,1001.75,1001.75,1001.75,4816.9,4272.7,4525.6,2081.2,17.3,March,18.2,24.4,9.76,30.28,31.35,54.0,37.1,67.0,29.66,379.85,323.13,187.5,237.5
03/26/2018,1001.25,1001.25,1001.25,1001.25,4816.9,4272.7,4525.6,2081.2,17.3,March,18.2,24.4,9.76,30.28,31.35,54.0,37.1,67.0,29.66,379.85,323.13,187.5,237.5
03/27/2018,996.75,996.75,996.75,996.75,4816.9,4272.7,4525.6,2081.2,17.3,March,18.2,24.4,9.76,30.28,31.35,54.0,37.1,67.0,29.66,379.85,323.13,187.5,237.5
03/28/2018,993.25,993.25,993.25,993.25,4816.9,4272.7,4525.6,2081.2,17.3,March,18.2,24.4,9.76,30.28,31.35,54.0,37.1,67.0,29.66,379.85,323.13,187.5,237.5
03/29/2018,1009.5,1009.5,1009.5,1009.5,4816.9,4272.7,4525.6,2081.2,17.3,March,18.2,24.4,9.76,30.28,31.35,54.0,37.1,67.0,29.66,379.85,323.13,187.5,237.5
04/02/2018,1000.75,1000.75,1000.75,1000.75,4662.0,4209.9,4438.1,1749.3,18.0,April,17.5,23.3,9.92,29.7,31.19,54.0,37.31,66.88,29.5,385.84,263.13,191.88,238.13
04/03/2018,1000.75,1000.75,1000.75,1000.75,4662.0,4209.9,4438.1,1749.3,18.0,April,17.5,23.3,9.92,29.7,31.19,54.0,37.31,66.88,29.5,385.84,263.13,191.88,238.13
04/04/2018,988.5,988.5,988.5,988.5,4662.0,4209.9,4438.1,1749.3,18.0,April,17.5,23.3,9.92,29.7,31.19,54.0,37.31,66.88,29.5,385.84,263.13,191.88,238.13
04/05/2018,996.0,996.0,996.0,996.0,4662.0,4209.9,4438.1,1749.3,18.0,April,17.5,23.3,9.92,29.7,31.19,54.0,37.31,66.88,29.5,385.84,263.13,191.88,238.13
04/06/2018,995.5,995.5,995.5,995.5,4662.0,4209.9,4438.1,1749.3,18.0,April,17.5,23.3,9.92,29.7,31.19,54.0,37.31,66.88,29.5,385.84,263.13,191.88,238.13
04/09/2018,998.25,998.25,998.25,998.25,4662.0,4209.9,4438.1,1749.3,18.0,April,17.5,23.3,9.92,29.7,31.19,54.0,37.31,66.88,29.5,385.84,263.13,191.88,238.13
04/10/2018,1003.75,1003.75,1003.75,1003.75,4662.0,4209.9,4438.1,1749.3,18.0,April,17.5,23.3,9.92,29.7,31.19,54.0,37.31,66.88,29.5,385.84,263.13,191.88,238.13
04/11/2018,1002.5,1002.5,1002.5,1002.5,4662.0,4209.9,4438.1,1749.3,18.0,April,17.5,23.3,9.92,29.7,31.19,54.0,37.31,66.88,29.5,385.84,263.13,191.88,238.13
04/12/2018,1000.0,1000.0,1000.0,1000.0,4662.0,4209.9,4438.1,1749.3,18.0,April,17.5,23.3,9.92,29.7,31.19,54.0,37.31,66.88,29.5,385.84,263.13,191.88,238.13
04/13/2018,997.5,997.5,997.5,997.5,4662.0,4209.9,4438.1,1749.3,18.0,April,17.5,23.3,9.92,29.7,31.19,54.0,37.31,66.88,29.5,385.84,263.13,191.88,238.13
04/16/2018,992.5,992.5,992.5,992.5,4662.0,4209.9,4438.1,1749.3,18.0,April,17.5,23.3,9.92,29.7,31.19,54.0,37.31,66.88,29.5,385.84,263.13,191.88,238.13
04/17/2018,994.75,994.75,994.75,994.75,4662.0,4209.9,4438.1,1749.3,18.0,April,17.5,23.3,9.92,29.7,31.19,54.0,37.31,66.88,29.5,385.84,263.13,191.88,238.13
04/18/2018,999.5,999.5,999.5,999.5,4662.0,4209.9,4438.1,1749.3,18.0,April,17.5,23.3,9.92,29.7,31.19,54.0,37.31,66.88,29.5,385.84,263.13,191.88,238.13
04/19/2018,1000.75,1000.75,1000.75,1000.75,4662.0,4209.9,4438.1,1749.3,18.0,April,17.5,23.3,9.92,29.7,31.19,54.0,37.31,66.88,29.5,385.84,263.13,191.88,238.13
04/20/2018,995.25,995.25,995.25,995.25,4662.0,4209.9,4438.1,1749.3,18.0,April,17.5,23.3,9.92,29.7,31.19,54.0,37.31,66.88,29.5,385.84,263.13,191.88,238.13
04/23/2018,993.75,993.75,993.75,993.75,4662.0,4209.9,4438.1,1749.3,18.0,April,17.5,23.3,9.92,29.7,31.19,54.0,37.31,66.88,29.5,385.84,263.13,191.88,238.13
04/24/2018,990.0,990.0,990.0,990.0,4662.0,4209.9,4438.1,1749.3,18.0,April,17.5,23.3,9.92,29.7,31.19,54.0,37.31,66.88,29.5,385.84,263.13,191.88,238.13
04/25/2018,992.0,992.0,992.0,992.0,4662.0,4209.9,4438.1,1749.3,18.0,April,17.5,23.3,9.92,29.7,31.19,54.0,37.31,66.88,29.5,385.84,263.13,191.88,238.13
04/26/2018,991.0,991.0,991.0,991.0,4662.0,4209.9,4438.1,1749.3,18.0,April,17.5,23.3,9.92,29.7,31.19,54.0,37.31,66.88,29.5,385.84,263.13,191.88,238.13
04/27/2018,999.5,999.5,999.5,999.5,4662.0,4209.9,4438.1,1749.3,18.0,April,17.5,23.3,9.92,29.7,31.19,54.0,37.31,66.88,29.5,385.84,263.13,191.88,238.13
04/30/2018,999.5,999.5,999.5,999.5,4662.0,4209.9,4438.1,1749.3,18.0,April,17.5,23.3,9.92,29.7,31.19,54.0,37.31,66.88,29.5,385.84,263.13,191.88,238.13
05/01/2018,1006.25,1006.25,1006.25,1006.25,4602.0,4168.8,4689.4,2315.3,17.9,May,18.5,22.7,10.1,29.4,31.25,54.0,38.25,66.5,29.65,393.55,262.5,201.5,267.5
05/02/2018,997.75,997.75,997.75,997.75,4602.0,4168.8,4689.4,2315.3,17.9,May,18.5,22.7,10.1,29.4,31.25,54.0,38.25,66.5,29.65,393.55,262.5,201.5,267.5
05/03/2018,998.25,998.25,998.25,998.25,4602.0,4168.8,4689.4,2315.3,17.9,May,18.5,22.7,10.1,29.4,31.25,54.0,38.25,66.5,29.65,393.55,262.5,201.5,267.5
05/04/2018,995.0,995.0,995.0,995.0,4602.0,4168.8,4689.4,2315.3,17.9,May,18.5,22.7,10.1,29.4,31.25,54.0,38.25,66.5,29.65,393.55,262.5,201.5,267.5
05/07/2018,983.0,983.0,983.0,983.0,4602.0,4168.8,4689.4,2315.3,17.9,May,18.5,22.7,10.1,29.4,31.25,54.0,38.25,66.5,29.65,393.55,262.5,201.5,267.5
05/08/2018,985.25,985.25,985.25,985.25,4602.0,4168.8,4689.4,2315.3,17.9,May,18.5,22.7,10.1,29.4,31.25,54.0,38.25,66.5,29.65,393.55,262.5,201.5,267.5
05/09/2018,983.25,983.25,981.75,981.75,4602.0,4168.8,4689.4,2315.3,17.9,May,18.5,22.7,10.1,29.4,31.25,54.0,38.25,66.5,29.65,393.55,262.5,201.5,267.5
05/10/2018,986.75,986.75,986.75,986.75,4602.0,4168.8,4689.4,2315.3,17.9,May,18.5,22.7,10.1,29.4,31.25,54.0,38.25,66.5,29.65,393.55,262.5,201.5,267.5
05/11/2018,982.0,983.75,982.0,983.75,4602.0,4168.8,4689.4,2315.3,17.9,May,18.5,22.7,10.1,29.4,31.25,54.0,38.25,66.5,29.65,393.55,262.5,201.5,267.5
05/14/2018,984.25,984.25,984.25,984.25,4602.0,4168.8,4689.4,2315.3,17.9,May,18.5,22.7,10.1,29.4,31.25,54.0,38.25,66.5,29.65,393.55,262.5,201.5,267.5
05/15/2018,984.5,984.5,984.5,984.5,4602.0,4168.8,4689.4,2315.3,17.9,May,18.5,22.7,10.1,29.4,31.25,54.0,38.25,66.5,29.65,393.55,262.5,201.5,267.5
05/16/2018,982.75,982.75,982.75,982.75,4602.0,4168.8,4689.4,2315.3,17.9,May,18.5,22.7,10.1,29.4,31.25,54.0,38.25,66.5,29.65,393.55,262.5,201.5,267.5
05/17/2018,982.0,982.0,980.75,980.75,4602.0,4168.8,4689.4,2315.3,17.9,May,18.5,22.7,10.1,29.4,31.25,54.0,38.25,66.5,29.65,393.55,262.5,201.5,267.5
05/18/2018,977.0,977.0,977.0,977.0,4602.0,4168.8,4689.4,2315.3,17.9,May,18.5,22.7,10.1,29.4,31.25,54.0,38.25,66.5,29.65,393.55,262.5,201.5,267.5
05/21/2018,995.0,995.0,995.0,995.0,4602.0,4168.8,4689.4,2315.3,17.9,May,18.5,22.7,10.1,29.4,31.25,54.0,38.25,66.5,29.65,393.55,262.5,201.5,267.5
05/22/2018,997.75,997.75,997.75,997.75,4602.0,4168.8,4689.4,2315.3,17.9,May,18.5,22.7,10.1,29.4,31.25,54.0,38.25,66.5,29.65,393.55,262.5,201.5,267.5
05/23/2018,1005.0,1005.0,1005.0,1005.0,4602.0,4168.8,4689.4,2315.3,17.9,May,18.5,22.7,10.1,29.4,31.25,54.0,38.25,66.5,29.65,393.55,262.5,201.5,267.5
05/24/2018,1001.75,1001.75,1001.75,1001.75,4602.0,4168.8,4689.4,2315.3,17.9,May,18.5,22.7,10.1,29.4,31.25,54.0,38.25,66.5,29.65,393.55,262.5,201.5,267.5
05/25/2018,1004.75,1004.75,1004.75,1004.75,4602.0,4168.8,4689.4,2315.3,17.9,May,18.5,22.7,10.1,29.4,31.25,54.0,38.25,66.5,29.65,393.55,262.5,201.5,267.5
05/29/2018,996.0,996.0,996.0,996.0,4602.0,4168.8,4689.4,2315.3,17.9,May,18.5,22.7,10.1,29.4,31.25,54.0,38.25,66.5,29.65,393.55,262.5,201.5,267.5
05/30/2018,997.0,997.0,997.0,997.0,4602.0,4168.8,4689.4,2315.3,17.9,May,18.5,22.7,10.1,29.4,31.25,54.0,38.25,66.5,29.65,393.55,262.5,201.5,267.5
05/31/2018,999.25,999.25,999.25,999.25,4602.0,4168.8,4689.4,2315.3,17.9,May,18.5,22.7,10.1,29.4,31.25,54.0,38.25,66.5,29.65,393.55,262.5,201.5,267.5
06/01/2018,1003.5,1003.5,1003.5,1003.5,4506.9,4108.4,4342.7,2037.9,17.7,June,17.2,22.7,9.98,28.3,29.9,54.0,37.75,67.7,29.54,355.71,257.5,175.63,271.25
06/04/2018,993.0,993.0,993.0,993.0,4506.9,4108.4,4342.7,2037.9,17.7,June,17.2,22.7,9.98,28.3,29.9,54.0,37.75,67.7,29.54,355.71,257.5,175.63,271.25
06/05/2018,997.0,997.0,997.0,997.0,4506.9,4108.4,4342.7,2037.9,17.7,June,17.2,22.7,9.98,28.3,29.9,54.0,37.75,67.7,29.54,355.71,257.5,175.63,271.25
06/06/2018,995.25,995.25,995.25,995.25,4506.9,4108.4,4342.7,2037.9,17.7,June,17.2,22.7,9.98,28.3,29.9,54.0,37.75,67.7,29.54,355.71,257.5,175.63,271.25
06/07/2018,989.25,989.25,989.25,989.25,4506.9,4108.4,4342.7,2037.9,17.7,June,17.2,22.7,9.98,28.3,29.9,54.0,37.75,67.7,29.54,355.71,257.5,175.63,271.25
06/08/2018,982.0,982.0,982.0,982.0,4506.9,4108.4,4342.7,2037.9,17.7,June,17.2,22.7,9.98,28.3,29.9,54.0,37.75,67.7,29.54,355.71,257.5,175.63,271.25
06/11/2018,975.0,975.0,973.25,973.25,4506.9,4108.4,4342.7,2037.9,17.7,June,17.2,22.7,9.98,28.3,29.9,54.0,37.75,67.7,29.54,355.71,257.5,175.63,271.25
06/12/2018,975.75,975.75,975.75,975.75,4506.9,4108.4,4342.7,2037.9,17.7,June,17.2,22.7,9.98,28.3,29.9,54.0,37.75,67.7,29.54,355.71,257.5,175.63,271.25
06/13/2018,975.0,975.0,964.5,964.5,4506.9,4108.4,4342.7,2037.9,17.7,June,17.2,22.7,9.98,28.3,29.9,54.0,37.75,67.7,29.54,355.71,257.5,175.63,271.25
06/14/2018,955.25,955.25,955.25,955.25,4506.9,4108.4,4342.7,2037.9,17.7,June,17.2,22.7,9.98,28.3,29.9,54.0,37.75,67.7,29.54,355.71,257.5,175.63,271.25
06/15/2018,945.0,945.0,945.0,945.0,4506.9,4108.4,4342.7,2037.9,17.7,June,17.2,22.7,9.98,28.3,29.9,54.0,37.75,67.7,29.54,355.71,257.5,175.63,271.25
06/18/2018,943.75,943.75,943.75,943.75,4506.9,4108.4,4342.7,2037.9,17.7,June,17.2,22.7,9.98,28.3,29.9,54.0,37.75,67.7,29.54,355.71,257.5,175.63,271.25
06/19/2018,932.25,932.25,932.25,932.25,4506.9,4108.4,4342.7,2037.9,17.7,June,17.2,22.7,9.98,28.3,29.9,54.0,37.75,67.7,29.54,355.71,257.5,175.63,271.25
06/20/2018,935.25,935.25,935.25,935.25,4506.9,4108.4,4342.7,2037.9,17.7,June,17.2,22.7,9.98,28.3,29.9,54.0,37.75,67.7,29.54,355.71,257.5,175.63,271.25
06/21/2018,926.75,926.75,926.75,926.75,4506.9,4108.4,4342.7,2037.9,17.7,June,17.2,22.7,9.98,28.3,29.9,54.0,37.75,67.7,29.54,355.71,257.5,175.63,271.25
06/22/2018,934.75,934.75,934.75,934.75,4506.9,4108.4,4342.7,2037.9,17.7,June,17.2,22.7,9.98,28.3,29.9,54.0,37.75,67.7,29.54,355.71,257.5,175.63,271.25
06/25/2018,917.5,917.5,917.5,917.5,4506.9,4108.4,4342.7,2037.9,17.7,June,17.2,22.7,9.98,28.3,29.9,54.0,37.75,67.7,29.54,355.71,257.5,175.63,271.25
06/26/2018,913.5,913.5,913.5,913.5,4506.9,4108.4,4342.7,2037.9,17.7,June,17.2,22.7,9.98,28.3,29.9,54.0,37.75,67.7,29.54,355.71,257.5,175.63,271.25
06/27/2018,915.25,915.25,915.25,915.25,4506.9,4108.4,4342.7,2037.9,17.7,June,17.2,22.7,9.98,28.3,29.9,54.0,37.75,67.7,29.54,355.71,257.5,175.63,271.25
06/28/2018,911.75,911.75,911.75,911.75,4506.9,4108.4,4342.7,2037.9,17.7,June,17.2,22.7,9.98,28.3,29.9,54.0,37.75,67.7,29.54,355.71,257.5,175.63,271.25
06/29/2018,909.0,909.0,909.0,909.0,4506.9,4108.4,4342.7,2037.9,17.7,June,17.2,22.7,9.98,28.3,29.9,54.0,37.75,67.7,29.54,355.71,257.5,175.63,271.25
07/02/2018,904.75,912.5,904.75,904.75,4683.2,4170.7,4380.8,1997.2,17.4,July,17.1,22.4,9.96,27.21,28.75,54.0,38.69,68.0,28.76,341.08,253.13,155.5,278.0
07/03/2018,901.75,905.0,901.75,901.75,4683.2,4170.7,4380.8,1997.2,17.4,July,17.1,22.4,9.96,27.21,28.75,54.0,38.69,68.0,28.76,341.08,253.13,155.5,278.0
07/05/2018,900.0,902.5,895.0,895.0,4683.2,4170.7,4380.8,1997.2,17.4,July,17.1,22.4,9.96,27.21,28.75,54.0,38.69,68.0,28.76,341.08,253.13,155.5,278.0
07/06/2018,924.0,925.25,924.0,924.0,4683.2,4170.7,4380.8,1997.2,17.4,July,17.1,22.4,9.96,27.21,28.75,54.0,38.69,68.0,28.76,341.08,253.13,155.5,278.0
07/09/2018,905.0,908.5,904.25,908.5,4683.2,4170.7,4380.8,1997.2,17.4,July,17.1,22.4,9.96,27.21,28.75,54.0,38.69,68.0,28.76,341.08,253.13,155.5,278.0
07/10/2018,910.0,915.25,908.5,912.5,4683.2,4170.7,4380.8,1997.2,17.4,July,17.1,22.4,9.96,27.21,28.75,54.0,38.69,68.0,28.76,341.08,253.13,155.5,278.0
07/11/2018,904.25,904.75,894.75,895.0,4683.2,4170.7,4380.8,1997.2,17.4,July,17.1,22.4,9.96,27.21,28.75,54.0,38.69,68.0,28.76,341.08,253.13,155.5,278.0
07/12/2018,896.0,899.5,891.0,896.0,4683.2,4170.7,4380.8,1997.2,17.4,July,17.1,22.4,9.96,27.21,28.75,54.0,38.69,68.0,28.76,341.08,253.13,155.5,278.0
07/13/2018,887.0,887.0,882.0,887.0,4683.2,4170.7,4380.8,1997.2,17.4,July,17.1,22.4,9.96,27.21,28.75,54.0,38.69,68.0,28.76,341.08,253.13,155.5,278.0
07/16/2018,902.25,903.0,884.5,896.0,4683.2,4170.7,4380.8,1997.2,17.4,July,17.1,22.4,9.96,27.21,28.75,54.0,38.69,68.0,28.76,341.08,253.13,155.5,278.0
07/17/2018,900.25,905.25,900.25,900.25,4683.2,4170.7,4380.8,1997.2,17.4,July,17.1,22.4,9.96,27.21,28.75,54.0,38.69,68.0,28.76,341.08,253.13,155.5,278.0
07/18/2018,902.0,904.5,898.75,902.0,4683.2,4170.7,4380.8,1997.2,17.4,July,17.1,22.4,9.96,27.21,28.75,54.0,38.69,68.0,28.76,341.08,253.13,155.5,278.0
07/19/2018,907.5,907.5,900.5,907.5,4683.2,4170.7,4380.8,1997.2,17.4,July,17.1,22.4,9.96,27.21,28.75,54.0,38.69,68.0,28.76,341.08,253.13,155.5,278.0
07/20/2018,909.5,912.0,904.0,909.5,4683.2,4170.7,4380.8,1997.2,17.4,July,17.1,22.4,9.96,27.21,28.75,54.0,38.69,68.0,28.76,341.08,253.13,155.5,278.0
07/23/2018,909.25,914.25,909.25,909.25,4683.2,4170.7,4380.8,1997.2,17.4,July,17.1,22.4,9.96,27.21,28.75,54.0,38.69,68.0,28.76,341.08,253.13,155.5,278.0
07/24/2018,912.5,920.25,905.5,918.0,4683.2,4170.7,4380.8,1997.2,17.4,July,17.1,22.4,9.96,27.21,28.75,54.0,38.69,68.0,28.76,341.08,253.13,155.5,278.0
07/25/2018,920.5,923.5,917.25,922.5,4683.2,4170.7,4380.8,1997.2,17.4,July,17.1,22.4,9.96,27.21,28.75,54.0,38.69,68.0,28.76,341.08,253.13,155.5,278.0
07/26/2018,931.5,937.5,917.5,919.5,4683.2,4170.7,4380.8,1997.2,17.4,July,17.1,22.4,9.96,27.21,28.75,54.0,38.69,68.0,28.76,341.08,253.13,155.5,278.0
07/27/2018,924.75,928.75,921.75,927.0,4683.2,4170.7,4380.8,1997.2,17.4,July,17.1,22.4,9.96,27.21,28.75,54.0,38.69,68.0,28.76,341.08,253.13,155.5,278.0
07/30/2018,932.0,935.75,932.0,932.0,4683.2,4170.7,4380.8,1997.2,17.4,July,17.1,22.4,9.96,27.21,28.75,54.0,38.69,68.0,28.76,341.08,253.13,155.5,278.0
07/31/2018,953.0,955.5,947.0,953.25,4683.2,4170.7,4380.8,1997.2,17.4,July,17.1,22.4,9.96,27.21,28.75,54.0,38.69,68.0,28.76,341.08,253.13,155.5,278.0
08/01/2018,943.0,943.0,940.0,943.0,4588.9,4187.8,4352.3,2137.5,16.9,August,15.3,22.0,10.2,27.6,28.6,54.0,38.75,68.0,26.8,332.5,260.0,153.13,265.63
08/02/2018,941.75,941.75,933.25,941.75,4588.9,4187.8,4352.3,2137.5,16.9,August,15.3,22.0,10.2,27.6,28.6,54.0,38.75,68.0,26.8,332.5,260.0,153.13,265.63
08/03/2018,931.5,945.5,929.25,945.5,4588.9,4187.8,4352.3,2137.5,16.9,August,15.3,22.0,10.2,27.6,28.6,54.0,38.75,68.0,26.8,332.5,260.0,153.13,265.63
08/06/2018,934.5,939.0,934.0,938.5,4588.9,4187.8,4352.3,2137.5,16.9,August,15.3,22.0,10.2,27.6,28.6,54.0,38.75,68.0,26.8,332.5,260.0,153.13,265.63
08/07/2018,945.25,949.75,943.5,949.0,4588.9,4187.8,4352.3,2137.5,16.9,August,15.3,22.0,10.2,27.6,28.6,54.0,38.75,68.0,26.8,332.5,260.0,153.13,265.63
08/08/2018,953.0,956.75,953.0,955.75,4588.9,4187.8,4352.3,2137.5,16.9,August,15.3,22.0,10.2,27.6,28.6,54.0,38.75,68.0,26.8,332.5,260.0,153.13,265.63
08/09/2018,950.75,952.0,949.0,949.25,4588.9,4187.8,4352.3,2137.5,16.9,August,15.3,22.0,10.2,27.6,28.6,54.0,38.75,68.0,26.8,332.5,260.0,153.13,265.63
08/10/2018,946.25,946.25,917.5,919.0,4588.9,4187.8,4352.3,2137.5,16.9,August,15.3,22.0,10.2,27.6,28.6,54.0,38.75,68.0,26.8,332.5,260.0,153.13,265.63
08/13/2018,921.75,922.75,912.75,921.75,4588.9,4187.8,4352.3,2137.5,16.9,August,15.3,22.0,10.2,27.6,28.6,54.0,38.75,68.0,26.8,332.5,260.0,153.13,265.63
08/14/2018,928.75,928.75,920.25,928.75,4588.9,4187.8,4352.3,2137.5,16.9,August,15.3,22.0,10.2,27.6,28.6,54.0,38.75,68.0,26.8,332.5,260.0,153.13,265.63
08/15/2018,925.25,930.0,923.25,925.25,4588.9,4187.8,4352.3,2137.5,16.9,August,15.3,22.0,10.2,27.6,28.6,54.0,38.75,68.0,26.8,332.5,260.0,153.13,265.63
08/16/2018,945.75,949.0,945.75,945.75,4588.9,4187.8,4352.3,2137.5,16.9,August,15.3,22.0,10.2,27.6,28.6,54.0,38.75,68.0,26.8,332.5,260.0,153.13,265.63
08/17/2018,937.5,943.5,932.75,940.75,4588.9,4187.8,4352.3,2137.5,16.9,August,15.3,22.0,10.2,27.6,28.6,54.0,38.75,68.0,26.8,332.5,260.0,153.13,265.63
08/20/2018,941.0,941.0,941.0,941.0,4588.9,4187.8,4352.3,2137.5,16.9,August,15.3,22.0,10.2,27.6,28.6,54.0,38.75,68.0,26.8,332.5,260.0,153.13,265.63
08/21/2018,938.0,943.25,937.75,937.75,4588.9,4187.8,4352.3,2137.5,16.9,August,15.3,22.0,10.2,27.6,28.6,54.0,38.75,68.0,26.8,332.5,260.0,153.13,265.63
08/22/2018,927.5,927.5,927.25,927.5,4588.9,4187.8,4352.3,2137.5,16.9,August,15.3,22.0,10.2,27.6,28.6,54.0,38.75,68.0,26.8,332.5,260.0,153.13,265.63
08/23/2018,912.0,912.0,912.0,912.0,4588.9,4187.8,4352.3,2137.5,16.9,August,15.3,22.0,10.2,27.6,28.6,54.0,38.75,68.0,26.8,332.5,260.0,153.13,265.63
08/24/2018,915.0,917.0,914.0,914.0,4588.9,4187.8,4352.3,2137.5,16.9,August,15.3,22.0,10.2,27.6,28.6,54.0,38.75,68.0,26.8,332.5,260.0,153.13,265.63
08/27/2018,911.5,911.5,903.75,911.5,4588.9,4187.8,4352.3,2137.5,16.9,August,15.3,22.0,10.2,27.6,28.6,54.0,38.75,68.0,26.8,332.5,260.0,153.13,265.63
08/28/2018,904.0,904.0,903.75,904.0,4588.9,4187.8,4352.3,2137.5,16.9,August,15.3,22.0,10.2,27.6,28.6,54.0,38.75,68.0,26.8,332.5,260.0,153.13,265.63
08/29/2018,911.25,912.5,906.5,906.5,4588.9,4187.8,4352.3,2137.5,16.9,August,15.3,22.0,10.2,27.6,28.6,54.0,38.75,68.0,26.8,332.5,260.0,153.13,265.63
08/30/2018,900.75,908.25,899.75,900.75,4588.9,4187.8,4352.3,2137.5,16.9,August,15.3,22.0,10.2,27.6,28.6,54.0,38.75,68.0,26.8,332.5,260.0,153.13,265.63
08/31/2018,912.5,914.0,912.5,913.25,4588.9,4187.8,4352.3,2137.5,16.9,August,15.3,22.0,10.2,27.6,28.6,54.0,38.75,68.0,26.8,332.5,260.0,153.13,265.63
09/04/2018,913.0,918.0,908.75,913.0,4430.6,3875.2,4171.5,2176.1,16.7,September,15.2,22.2,9.79,27.73,28.88,54.0,38.19,67.63,26.46,318.32,258.75,150.63,235.0
09/05/2018,908.25,908.25,907.5,908.25,4430.6,3875.2,4171.5,2176.1,16.7,September,15.2,22.2,9.79,27.73,28.88,54.0,38.19,67.63,26.46,318.32,258.75,150.63,235.0
09/06/2018,908.5,912.0,907.0,910.25,4430.6,3875.2,4171.5,2176.1,16.7,September,15.2,22.2,9.79,27.73,28.88,54.0,38.19,67.63,26.46,318.32,258.75,150.63,235.0
09/07/2018,914.5,916.25,909.0,915.0,4430.6,3875.2,4171.5,2176.1,16.7,September,15.2,22.2,9.79,27.73,28.88,54.0,38.19,67.63,26.46,318.32,258.75,150.63,235.0
09/10/2018,915.5,919.25,913.5,914.75,4430.6,3875.2,4171.5,2176.1,16.7,September,15.2,22.2,9.79,27.73,28.88,54.0,38.19,67.63,26.46,318.32,258.75,150.63,235.0
09/11/2018,905.0,905.0,900.0,901.75,4430.6,3875.2,4171.5,2176.1,16.7,September,15.2,22.2,9.79,27.73,28.88,54.0,38.19,67.63,26.46,318.32,258.75,150.63,235.0
09/12/2018,904.75,912.25,898.0,912.0,4430.6,3875.2,4171.5,2176.1,16.7,September,15.2,22.2,9.79,27.73,28.88,54.0,38.19,67.63,26.46,318.32,258.75,150.63,235.0
09/13/2018,913.5,915.75,907.75,908.0,4430.6,3875.2,4171.5,2176.1,16.7,September,15.2,22.2,9.79,27.73,28.88,54.0,38.19,67.63,26.46,318.32,258.75,150.63,235.0
09/14/2018,909.25,910.25,906.75,908.0,4430.6,3875.2,4171.5,2176.1,16.7,September,15.2,22.2,9.79,27.73,28.88,54.0,38.19,67.63,26.46,318.32,258.75,150.63,235.0
09/17/2018,909.5,910.0,902.5,907.0,4430.6,3875.2,4171.5,2176.1,16.7,September,15.2,22.2,9.79,27.73,28.88,54.0,38.19,67.63,26.46,318.32,258.75,150.63,235.0
09/18/2018,900.75,901.25,898.0,898.75,4430.6,3875.2,4171.5,2176.1,16.7,September,15.2,22.2,9.79,27.73,28.88,54.0,38.19,67.63,26.46,318.32,258.75,150.63,235.0
09/19/2018,903.0,911.5,902.75,909.25,4430.6,3875.2,4171.5,2176.1,16.7,September,15.2,22.2,9.79,27.73,28.88,54.0,38.19,67.63,26.46,318.32,258.75,150.63,235.0
09/20/2018,913.0,931.0,908.25,928.25,4430.6,3875.2,4171.5,2176.1,16.7,September,15.2,22.2,9.79,27.73,28.88,54.0,38.19,67.63,26.46,318.32,258.75,150.63,235.0
09/21/2018,929.5,929.75,924.5,929.5,4430.6,3875.2,4171.5,2176.1,16.7,September,15.2,22.2,9.79,27.73,28.88,54.0,38.19,67.63,26.46,318.32,258.75,150.63,235.0
09/24/2018,930.0,930.25,925.0,928.25,4430.6,3875.2,4171.5,2176.1,16.7,September,15.2,22.2,9.79,27.73,28.88,54.0,38.19,67.63,26.46,318.32,258.75,150.63,235.0
09/25/2018,933.5,940.0,928.25,930.0,4430.6,3875.2,4171.5,2176.1,16.7,September,15.2,22.2,9.79,27.73,28.88,54.0,38.19,67.63,26.46,318.32,258.75,150.63,235.0
09/26/2018,931.5,934.25,929.5,931.5,4430.6,3875.2,4171.5,2176.1,16.7,September,15.2,22.2,9.79,27.73,28.88,54.0,38.19,67.63,26.46,318.32,258.75,150.63,235.0
09/27/2018,932.0,938.25,932.0,936.75,4430.6,3875.2,4171.5,2176.1,16.7,September,15.2,22.2,9.79,27.73,28.88,54.0,38.19,67.63,26.46,318.32,258.75,150.63,235.0
09/28/2018,929.75,929.75,927.25,929.75,4430.6,3875.2,4171.5,2176.1,16.7,September,15.2,22.2,9.79,27.73,28.88,54.0,38.19,67.63,26.46,318.32,258.75,150.63,235.0
10/01/2018,941.0,943.0,938.25,939.0,4899.8,4454.9,4164.9,2117.3,16.7,October,15.6,22.1,9.79,28.89,30.56,54.0,38.94,66.63,27.18,319.15,249.0,164.0,196.5
10/02/2018,944.0,948.75,943.25,948.75,4899.8,4454.9,4164.9,2117.3,16.7,October,15.6,22.1,9.79,28.89,30.56,54.0,38.94,66.63,27.18,319.15,249.0,164.0,196.5
10/03/2018,946.0,950.75,945.5,946.5,4899.8,4454.9,4164.9,2117.3,16.7,October,15.6,22.1,9.79,28.89,30.56,54.0,38.94,66.63,27.18,319.15,249.0,164.0,196.5
10/04/2018,948.5,950.75,944.75,944.75,4899.8,4454.9,4164.9,2117.3,16.7,October,15.6,22.1,9.79,28.89,30.56,54.0,38.94,66.63,27.18,319.15,249.0,164.0,196.5
10/05/2018,944.75,954.25,939.5,953.75,4899.8,4454.9,4164.9,2117.3,16.7,October,15.6,22.1,9.79,28.89,30.56,54.0,38.94,66.63,27.18,319.15,249.0,164.0,196.5
10/08/2018,952.0,954.75,950.0,952.0,4899.8,4454.9,4164.9,2117.3,16.7,October,15.6,22.1,9.79,28.89,30.56,54.0,38.94,66.63,27.18,319.15,249.0,164.0,196.5
10/09/2018,946.75,949.25,945.75,948.5,4899.8,4454.9,4164.9,2117.3,16.7,October,15.6,22.1,9.79,28.89,30.56,54.0,38.94,66.63,27.18,319.15,249.0,164.0,196.5
10/10/2018,936.75,937.25,934.5,937.0,4899.8,4454.9,4164.9,2117.3,16.7,October,15.6,22.1,9.79,28.89,30.56,54.0,38.94,66.63,27.18,319.15,249.0,164.0,196.5
10/11/2018,934.25,944.5,934.25,944.5,4899.8,4454.9,4164.9,2117.3,16.7,October,15.6,22.1,9.79,28.89,30.56,54.0,38.94,66.63,27.18,319.15,249.0,164.0,196.5
10/12/2018,948.5,951.5,948.0,951.5,4899.8,4454.9,4164.9,2117.3,16.7,October,15.6,22.1,9.79,28.89,30.56,54.0,38.94,66.63,27.18,319.15,249.0,164.0,196.5
10/15/2018,959.0,968.75,959.0,968.75,4899.8,4454.9,4164.9,2117.3,16.7,October,15.6,22.1,9.79,28.89,30.56,54.0,38.94,66.63,27.18,319.15,249.0,164.0,196.5
10/16/2018,961.0,963.75,959.25,963.75,4899.8,4454.9,4164.9,2117.3,16.7,October,15.6,22.1,9.79,28.89,30.56,54.0,38.94,66.63,27.18,319.15,249.0,164.0,196.5
10/17/2018,962.75,966.25,960.75,962.75,4899.8,4454.9,4164.9,2117.3,16.7,October,15.6,22.1,9.79,28.89,30.56,54.0,38.94,66.63,27.18,319.15,249.0,164.0,196.5
10/18/2018,948.75,949.25,943.25,943.75,4899.8,4454.9,4164.9,2117.3,16.7,October,15.6,22.1,9.79,28.89,30.56,54.0,38.94,66.63,27.18,319.15,249.0,164.0,196.5
10/19/2018,940.0,944.25,936.75,936.75,4899.8,4454.9,4164.9,2117.3,16.7,October,15.6,22.1,9.79,28.89,30.56,54.0,38.94,66.63,27.18,319.15,249.0,164.0,196.5
10/22/2018,941.5,942.0,937.5,938.25,4899.8,4454.9,4164.9,2117.3,16.7,October,15.6,22.1,9.79,28.89,30.56,54.0,38.94,66.63,27.18,319.15,249.0,164.0,196.5
10/23/2018,941.0,943.25,933.0,938.25,4899.8,4454.9,4164.9,2117.3,16.7,October,15.6,22.1,9.79,28.89,30.56,54.0,38.94,66.63,27.18,319.15,249.0,164.0,196.5
10/24/2018,936.0,937.0,934.5,935.0,4899.8,4454.9,4164.9,2117.3,16.7,October,15.6,22.1,9.79,28.89,30.56,54.0,38.94,66.63,27.18,319.15,249.0,164.0,196.5
10/25/2018,929.75,929.75,924.25,926.25,4899.8,4454.9,4164.9,2117.3,16.7,October,15.6,22.1,9.79,28.89,30.56,54.0,38.94,66.63,27.18,319.15,249.0,164.0,196.5
10/26/2018,932.25,932.5,928.25,928.25,4899.8,4454.9,4164.9,2117.3,16.7,October,15.6,22.1,9.79,28.89,30.56,54.0,38.94,66.63,27.18,319.15,249.0,164.0,196.5
10/29/2018,934.5,934.5,922.25,924.0,4899.8,4454.9,4164.9,2117.3,16.7,October,15.6,22.1,9.79,28.89,30.56,54.0,38.94,66.63,27.18,319.15,249.0,164.0,196.5
10/30/2018,920.5,925.5,918.25,919.0,4899.8,4454.9,4164.9,2117.3,16.7,October,15.6,22.1,9.79,28.89,30.56,54.0,38.94,66.63,27.18,319.15,249.0,164.0,196.5
10/31/2018,917.0,924.5,916.5,922.5,4899.8,4454.9,4164.9,2117.3,16.7,October,15.6,22.1,9.79,28.89,30.56,54.0,38.94,66.63,27.18,319.15,249.0,164.0,196.5
11/01/2018,930.0,951.75,921.0,947.0,4638.3,4302.9,4142.6,2242.3,17.0,November,16.0,21.2,9.76,27.49,31.45,52.8,37.45,64.8,26.37,310.62,240.0,171.25,209.38
11/02/2018,945.5,955.75,943.25,949.25,4638.3,4302.9,4142.6,2242.3,17.0,November,16.0,21.2,9.76,27.49,31.45,52.8,37.45,64.8,26.37,310.62,240.0,171.25,209.38
11/05/2018,952.25,955.75,945.5,951.75,4638.3,4302.9,4142.6,2242.3,17.0,November,16.0,21.2,9.76,27.49,31.45,52.8,37.45,64.8,26.37,310.62,240.0,171.25,209.38
11/06/2018,951.0,952.0,946.0,951.0,4638.3,4302.9,4142.6,2242.3,17.0,November,16.0,21.2,9.76,27.49,31.45,52.8,37.45,64.8,26.37,310.62,240.0,171.25,209.38
11/07/2018,947.0,947.0,945.5,946.75,4638.3,4302.9,4142.6,2242.3,17.0,November,16.0,21.2,9.76,27.49,31.45,52.8,37.45,64.8,26.37,310.62,240.0,171.25,209.38
11/08/2018,947.0,948.75,935.0,948.75,4638.3,4302.9,4142.6,2242.3,17.0,November,16.0,21.2,9.76,27.49,31.45,52.8,37.45,64.8,26.37,310.62,240.0,171.25,209.38
11/09/2018,951.25,953.75,946.25,953.75,4638.3,4302.9,4142.6,2242.3,17.0,November,16.0,21.2,9.76,27.49,31.45,52.8,37.45,64.8,26.37,310.62,240.0,171.25,209.38
11/12/2018,949.0,952.5,948.5,952.5,4638.3,4302.9,4142.6,2242.3,17.0,November,16.0,21.2,9.76,27.49,31.45,52.8,37.45,64.8,26.37,310.62,240.0,171.25,209.38
11/13/2018,952.0,956.0,947.25,948.25,4638.3,4302.9,4142.6,2242.3,17.0,November,16.0,21.2,9.76,27.49,31.45,52.8,37.45,64.8,26.37,310.62,240.0,171.25,209.38
11/14/2018,951.0,956.25,950.75,954.5,4638.3,4302.9,4142.6,2242.3,17.0,November,16.0,21.2,9.76,27.49,31.45,52.8,37.45,64.8,26.37,310.62,240.0,171.25,209.38
11/15/2018,962.0,962.5,951.75,954.75,4638.3,4302.9,4142.6,2242.3,17.0,November,16.0,21.2,9.76,27.49,31.45,52.8,37.45,64.8,26.37,310.62,240.0,171.25,209.38
11/16/2018,957.0,958.25,949.0,955.0,4638.3,4302.9,4142.6,2242.3,17.0,November,16.0,21.2,9.76,27.49,31.45,52.8,37.45,64.8,26.37,310.62,240.0,171.25,209.38
11/19/2018,946.75,946.75,938.75,940.25,4638.3,4302.9,4142.6,2242.3,17.0,November,16.0,21.2,9.76,27.49,31.45,52.8,37.45,64.8,26.37,310.62,240.0,171.25,209.38
11/20/2018,945.75,950.25,943.75,947.5,4638.3,4302.9,4142.6,2242.3,17.0,November,16.0,21.2,9.76,27.49,31.45,52.8,37.45,64.8,26.37,310.62,240.0,171.25,209.38
11/21/2018,946.0,954.75,945.0,949.25,4638.3,4302.9,4142.6,2242.3,17.0,November,16.0,21.2,9.76,27.49,31.45,52.8,37.45,64.8,26.37,310.62,240.0,171.25,209.38
11/23/2018,949.25,950.0,947.25,949.25,4638.3,4302.9,4142.6,2242.3,17.0,November,16.0,21.2,9.76,27.49,31.45,52.8,37.45,64.8,26.37,310.62,240.0,171.25,209.38
11/26/2018,935.0,935.75,930.75,935.75,4638.3,4302.9,4142.6,2242.3,17.0,November,16.0,21.2,9.76,27.49,31.45,52.8,37.45,64.8,26.37,310.62,240.0,171.25,209.38
11/27/2018,938.0,948.75,938.0,945.75,4638.3,4302.9,4142.6,2242.3,17.0,November,16.0,21.2,9.76,27.49,31.45,52.8,37.45,64.8,26.37,310.62,240.0,171.25,209.38
11/28/2018,957.5,959.25,953.0,955.75,4638.3,4302.9,4142.6,2242.3,17.0,November,16.0,21.2,9.76,27.49,31.45,52.8,37.45,64.8,26.37,310.62,240.0,171.25,209.38
11/29/2018,958.0,958.5,950.0,951.25,4638.3,4302.9,4142.6,2242.3,17.0,November,16.0,21.2,9.76,27.49,31.45,52.8,37.45,64.8,26.37,310.62,240.0,171.25,209.38
11/30/2018,955.75,958.75,955.5,956.25,4638.3,4302.9,4142.6,2242.3,17.0,November,16.0,21.2,9.76,27.49,31.45,52.8,37.45,64.8,26.37,310.62,240.0,171.25,209.38
12/03/2018,970.25,975.0,966.5,967.25,4690.7,4255.6,4080.1,2134.3,16.4,December,16.3,17.8,9.66,28.14,32.06,53.5,36.75,62.25,26.46,311.7,243.75,187.5,225.83
12/04/2018,971.75,972.25,966.25,971.75,4690.7,4255.6,4080.1,2134.3,16.4,December,16.3,17.8,9.66,28.14,32.06,53.5,36.75,62.25,26.46,311.7,243.75,187.5,225.83
12/05/2018,970.0,973.25,970.0,971.75,4690.7,4255.6,4080.1,2134.3,16.4,December,16.3,17.8,9.66,28.14,32.06,53.5,36.75,62.25,26.46,311.7,243.75,187.5,225.83
12/06/2018,970.0,971.5,960.25,970.75,4690.7,4255.6,4080.1,2134.3,16.4,December,16.3,17.8,9.66,28.14,32.06,53.5,36.75,62.25,26.46,311.7,243.75,187.5,225.83
12/07/2018,975.0,977.0,972.75,977.0,4690.7,4255.6,4080.1,2134.3,16.4,December,16.3,17.8,9.66,28.14,32.06,53.5,36.75,62.25,26.46,311.7,243.75,187.5,225.83
12/10/2018,972.5,975.75,971.5,973.5,4690.7,4255.6,4080.1,2134.3,16.4,December,16.3,17.8,9.66,28.14,32.06,53.5,36.75,62.25,26.46,311.7,243.75,187.5,225.83
12/11/2018,973.5,978.5,973.5,977.5,4690.7,4255.6,4080.1,2134.3,16.4,December,16.3,17.8,9.66,28.14,32.06,53.5,36.75,62.25,26.46,311.7,243.75,187.5,225.83
12/12/2018,979.0,985.0,976.25,981.0,4690.7,4255.6,4080.1,2134.3,16.4,December,16.3,17.8,9.66,28.14,32.06,53.5,36.75,62.25,26.46,311.7,243.75,187.5,225.83
12/13/2018,980.0,980.0,970.25,971.25,4690.7,4255.6,4080.1,2134.3,16.4,December,16.3,17.8,9.66,28.14,32.06,53.5,36.75,62.25,26.46,311.7,243.75,187.5,225.83
12/14/2018,972.5,972.75,966.0,967.0,4690.7,4255.6,4080.1,2134.3,16.4,December,16.3,17.8,9.66,28.14,32.06,53.5,36.75,62.25,26.46,311.7,243.75,187.5,225.83
12/17/2018,969.0,972.25,968.0,969.5,4690.7,4255.6,4080.1,2134.3,16.4,December,16.3,17.8,9.66,28.14,32.06,53.5,36.75,62.25,26.46,311.7,243.75,187.5,225.83
12/18/2018,974.75,974.75,971.5,972.25,4690.7,4255.6,4080.1,2134.3,16.4,December,16.3,17.8,9.66,28.14,32.06,53.5,36.75,62.25,26.46,311.7,243.75,187.5,225.83
12/19/2018,965.75,973.0,964.75,965.5,4690.7,4255.6,4080.1,2134.3,16.4,December,16.3,17.8,9.66,28.14,32.06,53.5,36.75,62.25,26.46,311.7,243.75,187.5,225.83
12/20/2018,965.5,967.5,958.75,959.0,4690.7,4255.6,4080.1,2134.3,16.4,December,16.3,17.8,9.66,28.14,32.06,53.5,36.75,62.25,26.46,311.7,243.75,187.5,225.83
12/21/2018,955.25,955.25,951.75,954.0,4690.7,4255.6,4080.1,2134.3,16.4,December,16.3,17.8,9.66,28.14,32.06,53.5,36.75,62.25,26.46,311.7,243.75,187.5,225.83
12/24/2018,954.25,955.75,949.75,954.0,4690.7,4255.6,4080.1,2134.3,16.4,December,16.3,17.8,9.66,28.14,32.06,53.5,36.75,62.25,26.46,311.7,243.75,187.5,225.83
12/26/2018,955.5,956.75,942.75,943.25,4690.7,4255.6,4080.1,2134.3,16.4,December,16.3,17.8,9.66,28.14,32.06,53.5,36.75,62.25,26.46,311.7,243.75,187.5,225.83
12/27/2018,948.25,948.5,942.25,944.0,4690.7,4255.6,4080.1,2134.3,16.4,December,16.3,17.8,9.66,28.14,32.06,53.5,36.75,62.25,26.46,311.7,243.75,187.5,225.83
12/28/2018,951.75,958.0,951.75,954.0,4690.7,4255.6,4080.1,2134.3,16.4,December,16.3,17.8,9.66,28.14,32.06,53.5,36.75,62.25,26.46,311.7,243.75,187.5,225.83
12/31/2018,955.0,959.0,950.5,953.75,4690.7,4255.6,4080.1,2134.3,16.4,December,16.3,17.8,9.66,28.14,32.06,53.5,36.75,62.25,26.46,311.7,243.75,187.5,225.83
01/02/2019,959.75,965.0,952.75,963.0,4767.7,4347.9,4092.7,2088.0,17.4,January,16.7,22.2,9.75,28.44,33.94,53.5,37.13,61.88,26.21,314.92,247.5,190.5,219.0
01/03/2019,962.0,968.0,960.0,967.0,4767.7,4347.9,4092.7,2088.0,17.4,January,16.7,22.2,9.75,28.44,33.94,53.5,37.13,61.88,26.21,314.92,247.5,190.5,219.0
01/04/2019,970.0,975.0,965.5,975.0,4767.7,4347.9,4092.7,2088.0,17.4,January,16.7,22.2,9.75,28.44,33.94,53.5,37.13,61.88,26.21,314.92,247.5,190.5,219.0
01/07/2019,977.0,980.25,974.25,978.0,4767.7,4347.9,4092.7,2088.0,17.4,January,16.7,22.2,9.75,28.44,33.94,53.5,37.13,61.88,26.21,314.92,247.5,190.5,219.0
01/08/2019,976.5,979.25,970.75,976.0,4767.7,4347.9,4092.7,2088.0,17.4,January,16.7,22.2,9.75,28.44,33.94,53.5,37.13,61.88,26.21,314.92,247.5,190.5,219.0
01/09/2019,978.5,982.25,975.25,981.25,4767.7,4347.9,4092.7,2088.0,17.4,January,16.7,22.2,9.75,28.44,33.94,53.5,37.13,61.88,26.21,314.92,247.5,190.5,219.0
01/10/2019,974.25,975.0,965.5,967.0,4767.7,4347.9,4092.7,2088.0,17.4,January,16.7,22.2,9.75,28.44,33.94,53.5,37.13,61.88,26.21,314.92,247.5,190.5,219.0
01/11/2019,970.5,972.0,967.25,971.25,4767.7,4347.9,4092.7,2088.0,17.4,January,16.7,22.2,9.75,28.44,33.94,53.5,37.13,61.88,26.21,314.92,247.5,190.5,219.0
01/14/2019,968.0,969.25,963.75,966.0,4767.7,4347.9,4092.7,2088.0,17.4,January,16.7,22.2,9.75,28.44,33.94,53.5,37.13,61.88,26.21,314.92,247.5,190.5,219.0
01/15/2019,961.5,969.25,955.75,957.0,4767.7,4347.9,4092.7,2088.0,17.4,January,16.7,22.2,9.75,28.44,33.94,53.5,37.13,61.88,26.21,314.92,247.5,190.5,219.0
01/16/2019,959.25,962.25,954.5,957.0,4767.7,4347.9,4092.7,2088.0,17.4,January,16.7,22.2,9.75,28.44,33.94,53.5,37.13,61.88,26.21,314.92,247.5,190.5,219.0
01/17/2019,957.5,968.75,956.5,965.25,4767.7,4347.9,4092.7,2088.0,17.4,January,16.7,22.2,9.75,28.44,33.94,53.5,37.13,61.88,26.21,314.92,247.5,190.5,219.0
01/18/2019,969.75,975.75,964.75,972.5,4767.7,4347.9,4092.7,2088.0,17.4,January,16.7,22.2,9.75,28.44,33.94,53.5,37.13,61.88,26.21,314.92,247.5,190.5,219.0
01/22/2019,970.75,974.0,958.5,968.0,4767.7,4347.9,4092.7,2088.0,17.4,January,16.7,22.2,9.75,28.44,33.94,53.5,37.13,61.88,26.21,314.92,247.5,190.5,219.0
01/23/2019,967.25,973.25,967.25,972.25,4767.7,4347.9,4092.7,2088.0,17.4,January,16.7,22.2,9.75,28.44,33.94,53.5,37.13,61.88,26.21,314.92,247.5,190.5,219.0
01/24/2019,973.75,974.75,967.75,972.25,4767.7,4347.9,4092.7,2088.0,17.4,January,16.7,22.2,9.75,28.44,33.94,53.5,37.13,61.88,26.21,314.92,247.5,190.5,219.0
01/25/2019,972.0,978.5,969.25,978.0,4767.7,4347.9,4092.7,2088.0,17.4,January,16.7,22.2,9.75,28.44,33.94,53.5,37.13,61.88,26.21,314.92,247.5,190.5,219.0
01/28/2019,977.0,977.0,971.25,976.0,4767.7,4347.9,4092.7,2088.0,17.4,January,16.7,22.2,9.75,28.44,33.94,53.5,37.13,61.88,26.21,314.92,247.5,190.5,219.0
01/29/2019,971.25,973.5,971.0,972.0,4767.7,4347.9,4092.7,2088.0,17.4,January,16.7,22.2,9.75,28.44,33.94,53.5,37.13,61.88,26.21,314.92,247.5,190.5,219.0
01/30/2019,972.75,975.5,971.25,973.25,4767.7,4347.9,4092.7,2088.0,17.4,January,16.7,22.2,9.75,28.44,33.94,53.5,37.13,61.88,26.21,314.92,247.5,190.5,219.0
01/31/2019,975.0,978.25,968.5,969.75,4767.7,4347.9,4092.7,2088.0,17.4,January,16.7,22.2,9.75,28.44,33.94,53.5,37.13,61.88,26.21,314.92,247.5,190.5,219.0
02/01/2019,973.75,982.0,970.75,971.0,4315.4,4020.6,4092.7,2088.0,18.0,February,16.2,21.5,9.79,29.58,36.44,53.0,37.75,61.13,25.65,306.83,235.0,187.5,225.0
02/04/2019,970.5,975.0,969.75,971.25,4315.4,4020.6,4092.7,2088.0,18.0,February,16.2,21.5,9.79,29.58,36.44,53.0,37.75,61.13,25.65,306.83,235.0,187.5,225.0
02/05/2019,968.25,973.5,968.0,973.25,4315.4,4020.6,4092.7,2088.0,18.0,February,16.2,21.5,9.79,29.58,36.44,53.0,37.75,61.13,25.65,306.83,235.0,187.5,225.0
02/06/2019,972.5,977.0,972.0,976.5,4315.4,4020.6,4092.7,2088.0,18.0,February,16.2,21.5,9.79,29.58,36.44,53.0,37.75,61.13,25.65,306.83,235.0,187.5,225.0
02/07/2019,975.5,975.75,967.75,970.25,4315.4,4020.6,4092.7,2088.0,18.0,February,16.2,21.5,9.79,29.58,36.44,53.0,37.75,61.13,25.65,306.83,235.0,187.5,225.0
02/08/2019,970.0,973.0,965.0,971.0,4315.4,4020.6,4092.7,2088.0,18.0,February,16.2,21.5,9.79,29.58,36.44,53.0,37.75,61.13,25.65,306.83,235.0,187.5,225.0
02/11/2019,969.5,973.5,962.0,964.25,4315.4,4020.6,4092.7,2088.0,18.0,February,16.2,21.5,9.79,29.58,36.44,53.0,37.75,61.13,25.65,306.83,235.0,187.5,225.0
02/12/2019,967.5,977.25,966.0,975.0,4315.4,4020.6,4092.7,2088.0,18.0,February,16.2,21.5,9.79,29.58,36.44,53.0,37.75,61.13,25.65,306.83,235.0,187.5,225.0
02/13/2019,974.25,976.75,971.0,973.25,4315.4,4020.6,4092.7,2088.0,18.0,February,16.2,21.5,9.79,29.58,36.44,53.0,37.75,61.13,25.65,306.83,235.0,187.5,225.0
02/14/2019,971.25,974.5,961.25,962.25,4315.4,4020.6,4092.7,2088.0,18.0,February,16.2,21.5,9.79,29.58,36.44,53.0,37.75,61.13,25.65,306.83,235.0,187.5,225.0
02/15/2019,963.5,966.75,960.0,966.25,4315.4,4020.6,4092.7,2088.0,18.0,February,16.2,21.5,9.79,29.58,36.44,53.0,37.75,61.13,25.65,306.83,235.0,187.5,225.0
02/19/2019,968.0,969.0,954.75,960.5,4315.4,4020.6,4092.7,2088.0,18.0,February,16.2,21.5,9.79,29.58,36.44,53.0,37.75,61.13,25.65,306.83,235.0,187.5,225.0
02/20/2019,958.5,964.25,953.5,963.25,4315.4,4020.6,4092.7,2088.0,18.0,February,16.2,21.5,9.79,29.58,36.44,53.0,37.75,61.13,25.65,306.83,235.0,187.5,225.0
02/21/2019,962.5,972.5,960.75,968.5,4315.4,4020.6,4092.7,2088.0,18.0,February,16.2,21.5,9.79,29.58,36.44,53.0,37.75,61.13,25.65,306.83,235.0,187.5,225.0
02/22/2019,968.0,970.75,966.0,968.75,4315.4,4020.6,4092.7,2088.0,18.0,February,16.2,21.5,9.79,29.58,36.44,53.0,37.75,61.13,25.65,306.83,235.0,187.5,225.0
02/25/2019,973.0,977.0,968.5,969.5,4315.4,4020.6,4092.7,2088.0,18.0,February,16.2,21.5,9.79,29.58,36.44,53.0,37.75,61.13,25.65,306.83,235.0,187.5,225.0
02/26/2019,967.25,968.0,959.75,964.0,4315.4,4020.6,4092.7,2088.0,18.0,February,16.2,21.5,9.79,29.58,36.44,53.0,37.75,61.13,25.65,306.83,235.0,187.5,225.0
02/27/2019,964.0,969.25,961.0,964.0,4315.4,4020.6,4092.7,2088.0,18.0,February,16.2,21.5,9.79,29.58,36.44,53.0,37.75,61.13,25.65,306.83,235.0,187.5,225.0
02/28/2019,964.75,965.25,958.0,959.0,4315.4,4020.6,4092.7,2088.0,18.0,February,16.2,21.5,9.79,29.58,36.44,53.0,37.75,61.13,25.65,306.83,235.0,187.5,225.0
03/01/2019,961.25,966.0,950.75,961.0,4569.2,4059.1,4273.9,2041.0,17.8,March,15.8,16.0,10.1,28.62,35.7,53.2,36.15,61.0,26.72,306.38,226.25,189.38,235.63
03/04/2019,965.25,971.75,962.75,966.25,4569.2,4059.1,4273.9,2041.0,17.8,March,15.8,20.5,9.93,27.86,37.13,54.0,35.44,65.25,27.94,304.26,216.5,166.5,241.5
03/05/2019,966.75,968.0,960.75,965.0,4569.2,4059.1,4273.9,2041.0,17.8,March,15.8,20.5,9.93,27.86,37.13,54.0,35.44,65.25,27.94,304.26,216.5,166.5,241.5
03/06/2019,965.0,966.5,952.0,953.75,4569.2,4059.1,4273.9,2041.0,17.8,March,15.8,20.5,9.93,27.86,37.13,54.0,35.44,65.25,27.94,304.26,216.5,166.5,241.5
03/07/2019,952.5,958.0,948.75,950.75,4569.2,4059.1,4273.9,2041.0,17.8,March,15.8,20.5,9.93,27.86,37.13,54.0,35.44,65.25,27.94,304.26,216.5,166.5,241.5
03/08/2019,948.5,951.75,942.0,946.0,4569.2,4059.1,4273.9,2041.0,17.8,March,15.8,20.5,9.93,27.86,37.13,54.0,35.44,65.25,27.94,304.26,216.5,166.5,241.5
03/11/2019,946.0,948.25,940.5,942.0,4569.2,4059.1,4273.9,2041.0,17.8,March,15.8,20.5,9.93,27.86,37.13,54.0,35.44,65.25,27.94,304.26,216.5,166.5,241.5
03/12/2019,943.0,950.5,940.0,948.5,4569.2,4059.1,4273.9,2041.0,17.8,March,15.8,20.5,9.93,27.86,37.13,54.0,35.44,65.25,27.94,304.26,216.5,166.5,241.5
03/13/2019,947.25,953.0,943.0,952.0,4569.2,4059.1,4273.9,2041.0,17.8,March,15.8,20.5,9.93,27.86,37.13,54.0,35.44,65.25,27.94,304.26,216.5,166.5,241.5
03/14/2019,952.0,956.25,947.0,948.75,4569.2,4059.1,4273.9,2041.0,17.8,March,15.8,20.5,9.93,27.86,37.13,54.0,35.44,65.25,27.94,304.26,216.5,166.5,241.5
03/15/2019,949.0,959.25,948.0,956.5,4569.2,4059.1,4273.9,2041.0,17.8,March,15.8,20.5,9.93,27.86,37.13,54.0,35.44,65.25,27.94,304.26,216.5,166.5,241.5
03/18/2019,956.5,958.0,950.0,953.25,4569.2,4059.1,4273.9,2041.0,17.8,March,15.8,20.5,9.93,27.86,37.13,54.0,35.44,65.25,27.94,304.26,216.5,166.5,241.5
03/19/2019,952.5,956.5,949.25,953.75,4569.2,4059.1,4273.9,2041.0,17.8,March,15.8,20.5,9.93,27.86,37.13,54.0,35.44,65.25,27.94,304.26,216.5,166.5,241.5
03/20/2019,952.5,956.0,950.25,955.0,4569.2,4059.1,4273.9,2041.0,17.8,March,15.8,20.5,9.93,27.86,37.13,54.0,35.44,65.25,27.94,304.26,216.5,166.5,241.5
03/21/2019,954.5,960.75,953.0,958.75,4569.2,4059.1,4273.9,2041.0,17.8,March,15.8,20.5,9.93,27.86,37.13,54.0,35.44,65.25,27.94,304.26,216.5,166.5,241.5
03/22/2019,957.75,959.75,949.0,949.75,4569.2,4059.1,4273.9,2041.0,17.8,March,15.8,20.5,9.93,27.86,37.13,54.0,35.44,65.25,27.94,304.26,216.5,166.5,241.5
03/25/2019,949.75,954.0,947.75,952.5,4569.2,4059.1,4273.9,2041.0,17.8,March,15.8,20.5,9.93,27.86,37.13,54.0,35.44,65.25,27.94,304.26,216.5,166.5,241.5
03/26/2019,951.75,953.0,946.5,947.5,4569.2,4059.1,4273.9,2041.0,17.8,March,15.8,20.5,9.93,27.86,37.13,54.0,35.44,65.25,27.94,304.26,216.5,166.5,241.5
03/27/2019,946.5,947.25,934.0,937.25,4569.2,4059.1,4273.9,2041.0,17.8,March,15.8,20.5,9.93,27.86,37.13,54.0,35.44,65.25,27.94,304.26,216.5,166.5,241.5
03/28/2019,937.0,940.5,935.75,937.0,4569.2,4059.1,4273.9,2041.0,17.8,March,15.8,20.5,9.93,27.86,37.13,54.0,35.44,65.25,27.94,304.26,216.5,166.5,241.5
03/29/2019,936.25,940.25,932.25,933.5,4569.2,4059.1,4273.9,2041.0,17.8,March,15.8,20.5,9.93,27.86,37.13,54.0,35.44,65.25,27.94,304.26,216.5,166.5,241.5
04/01/2019,934.0,946.25,932.75,943.0,4607.2,4222.1,4251.1,1993.4,17.6,April,15.8,20.5,9.93,27.86,37.13,54.0,35.44,65.25,27.94,304.26,216.5,166.5,241.5
04/02/2019,944.25,948.75,941.25,948.25,4607.2,4222.1,4251.1,1993.4,17.6,April,15.8,20.5,9.93,27.86,37.13,54.0,35.44,65.25,27.94,304.26,216.5,166.5,241.5
04/03/2019,947.0,951.25,944.5,947.75,4607.2,4222.1,4251.1,1993.4,17.6,April,15.8,20.5,9.93,27.86,37.13,54.0,35.44,65.25,27.94,304.26,216.5,166.5,241.5
04/04/2019,946.75,955.25,945.25,954.75,4607.2,4222.1,4251.1,1993.4,17.6,April,15.8,20.5,9.93,27.86,37.13,54.0,35.44,65.25,27.94,304.26,216.5,166.5,241.5
04/05/2019,952.75,952.75,946.75,949.0,4607.2,4222.1,4251.1,1993.4,17.6,April,15.8,20.5,9.93,27.86,37.13,54.0,35.44,65.25,27.94,304.26,216.5,166.5,241.5
04/08/2019,948.75,952.75,947.75,948.25,4607.2,4222.1,4251.1,1993.4,17.6,April,15.8,20.5,9.93,27.86,37.13,54.0,35.44,65.25,27.94,304.26,216.5,166.5,241.5
04/09/2019,947.25,950.5,944.0,948.0,4607.2,4222.1,4251.1,1993.4,17.6,April,15.8,20.5,9.93,27.86,37.13,54.0,35.44,65.25,27.94,304.26,216.5,166.5,241.5
04/10/2019,947.0,952.25,946.5,950.5,4607.2,4222.1,4251.1,1993.4,17.6,April,15.8,20.5,9.93,27.86,37.13,54.0,35.44,65.25,27.94,304.26,216.5,166.5,241.5
04/11/2019,949.25,951.75,942.75,944.5,4607.2,4222.1,4251.1,1993.4,17.6,April,15.8,20.5,9.93,27.86,37.13,54.0,35.44,65.25,27.94,304.26,216.5,166.5,241.5
04/12/2019,943.5,947.0,942.75,943.75,4607.2,4222.1,4251.1,1993.4,17.6,April,15.8,20.5,9.93,27.86,37.13,54.0,35.44,65.25,27.94,304.26,216.5,166.5,241.5
04/15/2019,943.75,950.0,943.5,946.5,4607.2,4222.1,4251.1,1993.4,17.6,April,15.8,20.5,9.93,27.86,37.13,54.0,35.44,65.25,27.94,304.26,216.5,166.5,241.5
04/16/2019,945.75,946.25,935.75,937.5,4607.2,4222.1,4251.1,1993.4,17.6,April,15.8,20.5,9.93,27.86,37.13,54.0,35.44,65.25,27.94,304.26,216.5,166.5,241.5
04/17/2019,939.0,939.75,928.5,929.5,4607.2,4222.1,4251.1,1993.4,17.6,April,15.8,20.5,9.93,27.86,37.13,54.0,35.44,65.25,27.94,304.26,216.5,166.5,241.5
04/18/2019,929.0,932.25,927.25,930.75,4607.2,4222.1,4251.1,1993.4,17.6,April,15.8,20.5,9.93,27.86,37.13,54.0,35.44,65.25,27.94,304.26,216.5,166.5,241.5
04/22/2019,930.5,932.75,927.0,927.5,4607.2,4222.1,4251.1,1993.4,17.6,April,15.8,20.5,9.93,27.86,37.13,54.0,35.44,65.25,27.94,304.26,216.5,166.5,241.5
04/23/2019,928.0,929.0,914.0,915.0,4607.2,4222.1,4251.1,1993.4,17.6,April,15.8,20.5,9.93,27.86,37.13,54.0,35.44,65.25,27.94,304.26,216.5,166.5,241.5
04/24/2019,915.0,917.25,907.5,907.75,4607.2,4222.1,4251.1,1993.4,17.6,April,15.8,20.5,9.93,27.86,37.13,54.0,35.44,65.25,27.94,304.26,216.5,166.5,241.5
04/25/2019,908.75,914.75,906.5,912.0,4607.2,4222.1,4251.1,1993.4,17.6,April,15.8,20.5,9.93,27.86,37.13,54.0,35.44,65.25,27.94,304.26,216.5,166.5,241.5
04/26/2019,911.5,911.75,905.25,906.25,4607.2,4222.1,4251.1,1993.4,17.6,April,15.8,20.5,9.93,27.86,37.13,54.0,35.44,65.25,27.94,304.26,216.5,166.5,241.5
04/29/2019,908.25,911.5,899.25,899.25,4607.2,4222.1,4251.1,1993.4,17.6,April,15.8,20.5,9.93,27.86,37.13,54.0,35.44,65.25,27.94,304.26,216.5,166.5,241.5
04/30/2019,899.75,902.75,891.5,893.75,4607.2,4222.1,4251.1,1993.4,17.6,April,15.8,20.5,9.93,27.86,37.13,54.0,35.44,65.25,27.94,304.26,216.5,166.5,241.5
05/01/2019,893.75,897.25,885.0,892.25,4363.6,4051.5,4208.3,2189.4,18.3,May,15.2,20.6,9.54,26.93,35.65,53.4,34.1,66.0,27.76,297.52,215.0,141.25,233.75
05/02/2019,891.75,893.5,881.5,883.5,4363.6,4051.5,4208.3,2189.4,18.3,May,15.2,20.6,9.54,26.93,35.65,53.4,34.1,66.0,27.76,297.52,215.0,141.25,233.75
05/03/2019,884.5,887.75,882.25,883.5,4363.6,4051.5,4208.3,2189.4,18.3,May,15.2,20.6,9.54,26.93,35.65,53.4,34.1,66.0,27.76,297.52,215.0,141.25,233.75
05/06/2019,873.0,877.0,862.0,874.5,4363.6,4051.5,4208.3,2189.4,18.3,May,15.2,20.6,9.54,26.93,35.65,53.4,34.1,66.0,27.76,297.52,215.0,141.25,233.75
05/07/2019,873.25,878.5,871.5,873.25,4363.6,4051.5,4208.3,2189.4,18.3,May,15.2,20.6,9.54,26.93,35.65,53.4,34.1,66.0,27.76,297.52,215.0,141.25,233.75
05/08/2019,873.5,877.0,869.25,872.25,4363.6,4051.5,4208.3,2189.4,18.3,May,15.2,20.6,9.54,26.93,35.65,53.4,34.1,66.0,27.76,297.52,215.0,141.25,233.75
05/09/2019,871.75,871.75,853.75,859.25,4363.6,4051.5,4208.3,2189.4,18.3,May,15.2,20.6,9.54,26.93,35.65,53.4,34.1,66.0,27.76,297.52,215.0,141.25,233.75
05/10/2019,859.5,864.0,854.75,857.75,4363.6,4051.5,4208.3,2189.4,18.3,May,15.2,20.6,9.54,26.93,35.65,53.4,34.1,66.0,27.76,297.52,215.0,141.25,233.75
05/13/2019,855.5,856.0,841.5,852.75,4363.6,4051.5,4208.3,2189.4,18.3,May,15.2,20.6,9.54,26.93,35.65,53.4,34.1,66.0,27.76,297.52,215.0,141.25,233.75
05/14/2019,855.75,885.0,855.75,879.25,4363.6,4051.5,4208.3,2189.4,18.3,May,15.2,20.6,9.54,26.93,35.65,53.4,34.1,66.0,27.76,297.52,215.0,141.25,233.75
05/15/2019,878.0,892.25,875.0,881.5,4363.6,4051.5,4208.3,2189.4,18.3,May,15.2,20.6,9.54,26.93,35.65,53.4,34.1,66.0,27.76,297.52,215.0,141.25,233.75
05/16/2019,880.75,891.0,878.75,885.75,4363.6,4051.5,4208.3,2189.4,18.3,May,15.2,20.6,9.54,26.93,35.65,53.4,34.1,66.0,27.76,297.52,215.0,141.25,233.75
05/17/2019,886.25,887.25,866.5,868.0,4363.6,4051.5,4208.3,2189.4,18.3,May,15.2,20.6,9.54,26.93,35.65,53.4,34.1,66.0,27.76,297.52,215.0,141.25,233.75
05/20/2019,872.75,883.5,871.0,878.25,4363.6,4051.5,4208.3,2189.4,18.3,May,15.2,20.6,9.54,26.93,35.65,53.4,34.1,66.0,27.76,297.52,215.0,141.25,233.75
05/21/2019,888.0,890.0,865.5,868.5,4363.6,4051.5,4208.3,2189.4,18.3,May,15.2,20.6,9.54,26.93,35.65,53.4,34.1,66.0,27.76,297.52,215.0,141.25,233.75
05/22/2019,866.0,881.5,866.0,875.25,4363.6,4051.5,4208.3,2189.4,18.3,May,15.2,20.6,9.54,26.93,35.65,53.4,34.1,66.0,27.76,297.52,215.0,141.25,233.75
05/23/2019,875.75,880.0,865.75,869.5,4363.6,4051.5,4208.3,2189.4,18.3,May,15.2,20.6,9.54,26.93,35.65,53.4,34.1,66.0,27.76,297.52,215.0,141.25,233.75
05/24/2019,869.75,878.75,868.0,876.0,4363.6,4051.5,4208.3,2189.4,18.3,May,15.2,20.6,9.54,26.93,35.65,53.4,34.1,66.0,27.76,297.52,215.0,141.25,233.75
05/28/2019,885.25,902.75,884.0,901.5,4363.6,4051.5,4208.3,2189.4,18.3,May,15.2,20.6,9.54,26.93,35.65,53.4,34.1,66.0,27.76,297.52,215.0,141.25,233.75
05/29/2019,909.5,935.5,909.25,915.5,4363.6,4051.5,4208.3,2189.4,18.3,May,15.2,20.6,9.54,26.93,35.65,53.4,34.1,66.0,27.76,297.52,215.0,141.25,233.75
05/30/2019,914.25,931.75,908.0,931.75,4363.6,4051.5,4208.3,2189.4,18.3,May,15.2,20.6,9.54,26.93,35.65,53.4,34.1,66.0,27.76,297.52,215.0,141.25,233.75
05/31/2019,930.0,933.5,920.5,921.75,4363.6,4051.5,4208.3,2189.4,18.3,May,15.2,20.6,9.54,26.93,35.65,53.4,34.1,66.0,27.76,297.52,215.0,141.25,233.75
06/03/2019,920.0,930.25,918.25,924.0,4051.3,3626.9,3865.5,1891.7,17.9,June,14.9,21.7,9.07,28.24,36.69,51.0,34.63,66.0,27.38,324.75,215.63,143.13,228.88
06/04/2019,934.25,937.5,924.5,927.75,4051.3,3626.9,3865.5,1891.7,17.9,June,14.9,21.7,9.07,28.24,36.69,51.0,34.63,66.0,27.38,324.75,215.63,143.13,228.88
06/05/2019,928.0,929.0,916.25,917.75,4051.3,3626.9,3865.5,1891.7,17.9,June,14.9,21.7,9.07,28.24,36.69,51.0,34.63,66.0,27.38,324.75,215.63,143.13,228.88
06/06/2019,917.0,919.25,906.0,916.25,4051.3,3626.9,3865.5,1891.7,17.9,June,14.9,21.7,9.07,28.24,36.69,51.0,34.63,66.0,27.38,324.75,215.63,143.13,228.88
06/07/2019,916.25,918.75,903.75,905.5,4051.3,3626.9,3865.5,1891.7,17.9,June,14.9,21.7,9.07,28.24,36.69,51.0,34.63,66.0,27.38,324.75,215.63,143.13,228.88
06/10/2019,902.75,914.75,898.25,909.0,4051.3,3626.9,3865.5,1891.7,17.9,June,14.9,21.7,9.07,28.24,36.69,51.0,34.63,66.0,27.38,324.75,215.63,143.13,228.88
06/11/2019,905.25,913.75,902.0,910.5,4051.3,3626.9,3865.5,1891.7,17.9,June,14.9,21.7,9.07,28.24,36.69,51.0,34.63,66.0,27.38,324.75,215.63,143.13,228.88
06/12/2019,908.75,930.0,904.25,926.25,4051.3,3626.9,3865.5,1891.7,17.9,June,14.9,21.7,9.07,28.24,36.69,51.0,34.63,66.0,27.38,324.75,215.63,143.13,228.88
06/13/2019,926.25,934.75,925.5,934.0,4051.3,3626.9,3865.5,1891.7,17.9,June,14.9,21.7,9.07,28.24,36.69,51.0,34.63,66.0,27.38,324.75,215.63,143.13,228.88
06/14/2019,933.0,942.0,931.25,941.0,4051.3,3626.9,3865.5,1891.7,17.9,June,14.9,21.7,9.07,28.24,36.69,51.0,34.63,66.0,27.38,324.75,215.63,143.13,228.88
06/17/2019,944.5,956.0,944.25,954.5,4051.3,3626.9,3865.5,1891.7,17.9,June,14.9,21.7,9.07,28.24,36.69,51.0,34.63,66.0,27.38,324.75,215.63,143.13,228.88
06/18/2019,959.75,962.0,946.75,955.75,4051.3,3626.9,3865.5,1891.7,17.9,June,14.9,21.7,9.07,28.24,36.69,51.0,34.63,66.0,27.38,324.75,215.63,143.13,228.88
06/19/2019,954.0,956.25,946.0,947.5,4051.3,3626.9,3865.5,1891.7,17.9,June,14.9,21.7,9.07,28.24,36.69,51.0,34.63,66.0,27.38,324.75,215.63,143.13,228.88
06/20/2019,944.25,961.25,942.0,960.25,4051.3,3626.9,3865.5,1891.7,17.9,June,14.9,21.7,9.07,28.24,36.69,51.0,34.63,66.0,27.38,324.75,215.63,143.13,228.88
06/21/2019,960.0,961.5,946.5,947.0,4051.3,3626.9,3865.5,1891.7,17.9,June,14.9,21.7,9.07,28.24,36.69,51.0,34.63,66.0,27.38,324.75,215.63,143.13,228.88
06/24/2019,945.5,954.5,944.25,952.0,4051.3,3626.9,3865.5,1891.7,17.9,June,14.9,21.7,9.07,28.24,36.69,51.0,34.63,66.0,27.38,324.75,215.63,143.13,228.88
06/25/2019,956.0,958.25,941.5,944.25,4051.3,3626.9,3865.5,1891.7,17.9,June,14.9,21.7,9.07,28.24,36.69,51.0,34.63,66.0,27.38,324.75,215.63,143.13,228.88
06/26/2019,942.0,943.0,935.25,936.75,4051.3,3626.9,3865.5,1891.7,17.9,June,14.9,21.7,9.07,28.24,36.69,51.0,34.63,66.0,27.38,324.75,215.63,143.13,228.88
06/27/2019,934.25,939.75,927.25,931.75,4051.3,3626.9,3865.5,1891.7,17.9,June,14.9,21.7,9.07,28.24,36.69,51.0,34.63,66.0,27.38,324.75,215.63,143.13,228.88
06/28/2019,931.75,948.5,931.0,941.5,4051.3,3626.9,3865.5,1891.7,17.9,June,14.9,21.7,9.07,28.24,36.69,51.0,34.63,66.0,27.38,324.75,215.63,143.13,228.88
